today lesson new year promotion pop close plus subscription longer active,1
still end april ca n't find way reinstate plus feature,1
try report help centre bug 'm unable submit request,1
pp n't learn anymore competition stay league,1
try learn hours daily still get devote 's frustration,1
end stories stay league instead learn,1
'll look another pp strictly learn compete imaginary people,1
never make learn process competition,1
compete league strive secure place top 10 one worst experience,1
better domingo change way health league,1
recent update pronunciation word sentence go,1
go learn without sound voice guide,1
great pp without hearts really suck,1
get five live day lose one every simple mistake,1
seem flat lie everything else fear make want spend time learn league 's etc,1
pp ask language speak 's show rude neither want read text rude prefer english text select environment languages ca n't even read .. must choose language instal english version pp must restrictions select language environment stay english user learn give language,1
basically flash card game pp true language course,1
heart feature add useless - goal learn language 3 months 'm limit 10 mistake day 'm go get far,1
however hate streak leaderboard n't want compete others,1
want learn pace,1
love pp though hack pretty badly make exceptional progress ca n't get money back plus account n't receive response report three time,1
disable account two years progress start 69-day streak lose everything,1
use crash lot fix,1
pp tell n't know read write languages grow,1
people design pp smart dare try live one day streets la speak spanish say spanish,1
also lack help awful pp,1
also try domingo plus 's worth money,1
new hearts addition basically negative reinforcement,1
however recent update awful heart system longer continue usual method learn,1
actually word n't sound like write,1
worst start guess,1
sorry say worst pp learn organ,1
really good french/spanish etc ~,1
throw random character figure use,1
also ask type latin hear say tie english,1
poor quality control,1
`` health '' ( whatever ) run every time make tiniest mistake,1
language list alphabetical order make find language tricky actual teach n't help say word fast ca n't really catch proper pronunciation,1
domingo trick pay subscription say lose 397 day streak n't streak freeze buy,1
play 10 $ subscription cancel secure payments check pp get back streak monthly streak repair ( reason buy subscription ) n't use,1
mean domingo lie pay,1
lose nights ship day,1
use plus month suck office mode super buggy n't download enough lessons time,1
also lose streak unless connect internet every day lose nearly 300 day streak even though study office every day,1
finally single month sub cost closer 6/simon sub costs- like $ 8/month,1
's right spend $ 13/mon thing bc 'm poor pay $ 50,1
delete language properly replace whenever delete course,1
alternative answer english languages accept despite valid language speak,1
n't explain get something wrong esp,1
get rid hearts,1
pp could amaze would get rid hearts/lives aspect,1
wait 5 hours try learn new language make harder already,1
dreadful update certainly negative affect experience,1
male female pronounce word differently,1
someone struggle pronunciation never get better pp n't consistent,1
also felt like n't cover grammar,1
like lose point,1
work really hard get nearly 2000 sudden go 29..with,1
# 1 go clearly beat person new # 1 spot,1
apparently suppose go new league check still one,1
lessons load slowly lag lack pronunciation lesson subscription button ( force post subscribe attack moderate thus 1 star ) `` ca n't listen/talk '' button place inconvenient position cause disable lessons accident pp n't stories forum inability disable word bank.. leave regardless settings say motivation message abandon lessons,1
sign trial domingo plus use twice 's within 2 weeks first payment take n't do anything account ca n't claim refund ... happen consumer cool period,1
many time exercise count experience streak,1
five star pp burn 536 day streak even streak freeze place,1
burn 675 day streak streak freeze place,1
place th gold league suppose move sapphire league 'm still gold league,1
'll bad come basic grammar,1
n't teach expect know write,1
track streak correctly,1
obvious way report bag,1
obvious way provide accent letter,1
new update hearts reckon terrible,1
ca n't learn day-to-day without buy premium enough hearts exercise obtain hearts lead nothing another repeat sequence,1
one miss comma sentence repeat 's irritate,1
please make available office,1
n't load constantly message 's connection regardless whether 'm wife use data,1
new hearts system make unable remove lighthearted learn experience,1
really want pay pp,1
convince block n't hearts 'll look ways learn,1
learn language make 5 mistake ... please honest domingo..you pay pp,1
ca n't sign create new account connect friends,1
use last 20 days sometimes show `` internet connection `` & lose recent work uninstalling download use sometime show connection problem,1
lessons load forever regardless network quality audit miss half time,1
surely fix instead `` change daily streak work '',1
playback sentence fail speak whole sentence output last word,1
ca n't change profile picture,1
want change profile picture,1
new version n't say word phrase,1
delete streak freeze without warn lose almost 90 days,1
bad quality translation russian,1
reason `` health '',1
speak `` free '' soon run `` hearts '' force wait buy,1
constantly state `` check internet connection '' despite connect g wife,1
wo n't download lessons advance either,1
pay 2 year subscription ca n't even use,1
keep smile support without response reply tell goose fix 2 n't support buy another phone,1
since update pp ask curl login code,1
expensive worth would rather get babel sadly n't choice,1
lock use 2 months say another account,1
charge another $ 50 still ca n't use,1
pp n't engage enough find bore slow n't teach anything,1
pp keep tell sign-in fail,1
attempt contact support chat work either,1
application try remove money account without knowledge want pay 3 months english even though n't even log create profile application recommend application beware fraud,1
pp open try phone well friend 's phone open,1
ca n't see picture navigation intuition,1
try use pp study japanese language seem beginner course,1
hell suppose figure word read picture,1
program student repeat russian word phrase give picture description,1
often free trial immediately charge card $ 49,1
get use english far teach nothing random word real in-depth learn grammar,1
pay full price full access language learn lessons subscription add account receive error message try use software,1
send six email customer support receive one reply ask proof purchase,1
customer support terrible,1
pp white learn night tedious eye,1
's pretty expensive make free put add 'll never complain,1
wrap mislead ad `` free '' trial,1
charge 3 months even though cancel immediately keep money,1
pp great learn really anna learn press purchase lessons page pay n't appear,1
roseola stone computer perfectly fine,1
andros pp trash comparison worth scene subscription cost,1
n't waste money wait slickdeals sale buy pp version one-time fee,1
update 2 weeks ago since work come error message whenever click module,1
contract support team twice regard yet respond anything email give case number,1
professional currently bleed bank account nothing,1
say 30-day guarantee refund decide buy unlimited use japanese version march quickly decide ( follow day ) cancel get refuse ca n't,1
buy goose play ca n't get refund ( try step provide nothing goose keep automatically deny request ),1
hesitate purchase goose play 'll get sir*wed,1
'm conceal subscription able resolve issue customer support 's give option return fund,1
get way try teach still need add translation something tell user learn domo japanese 's 1 question rhyme reason structure way literally guess 4 picture show nothing could see fill blank give explanation go,1
pp ok guess correct answer n't explain actual mean,1
pp say things tell exactly say picture guess,1
pp ask beginner intermediate advance open intermediate lesson without buy way try pp start basis 'hello goodby,1
buy without try,1
application free content pay,1
recommend price,1
find unlimited limit real quick,1
limit try get fork money,1
want give 5 star honestly help learn spanish ... also keep charge $ 25 month without knowledge,1
even worse charge say subscription apparently suppose renew charge day early refuse refund anything,1
keep lock nodules,1
never use pp say email already use,1
let log make free account try everything still wo n't work,1
cos work chromebook well,1
money hungry,1
company wont give mobile languages even though purchase desktop versions,1
"pp want spend around 1,000 dollars practice desktop mobile",1
waste money 3 months access $ 50 get core lessons force go full access extra $ 100-200 disappoint waste money time basic free trial lessons ( $ 50 ),1
try trial period suggest pp take money goose account,1
never could get voice phase work properly,1
dont use anymore still charge,1
's free could n't even give try,1
basis alphabet,1
pp show translations english like say support,1
's right way beginner learn,1
ca n't say word write japanese,1
disappoint pp offer least one african language option,1
get free trial period make subscription,1
verbal phone,1
`` customer service '' close change order,1
show say english filipino,1
5 day learn thing learn language say past three days 'm do learn day soon open pp,1
n't able core lessons buy personally think plan way expensive,1
$ 50 3 months,1
think free ... instal ... card kill,1
ca n't find way remove account,1
game would n't tell mean word could n't find answer,1
n't recognise correct speech,1
really love pp recent update awful,1
lose 161 day streak,1
get wrong question wrong ca n't continue learn,1
month try get girlfriend join whatever reason game use `` hearts '' mine use `` light '',1
heart system actually stop learn instead block pay wall play `` free '' pp ...,1
fear towards american audience spanish english earners ( even flag wrong ),1
portuguese,1
's inconsistent his-tying due finger errors,1
know 's right wrong indication case,1
limit decent option start learn basic vocabulary new language,1
new heart thing n't work,1
get answer right lose hearts regardless,1
long take refill gems,1
might help get subscribers whatever,1
japanese course introduction extremely frustration use you/natasha name wa madura hand desk,1
use 'desk sentence purely random get lose hearts,1
feel like luck instead learn,1
please fix feel like intentional feature buy premium membership go motor free learn,1
awesome pp begin sound stop since start italian,1
try every way fix n't answer,1
cut option regenerate hearts,1
know office option n't free please domingo gun right,1
ever since implement heart system pp pay progress despite heavily advertisement torment `` keep learn free '',1
since heart system allow five mistake per lesson pay pp currency refill hearts,1
need pay light test level,1
update ( 30-dec-2019 ) second time open domingo monday morning find streak freeze use even though weekend amulet,1
ca n't delete course mean take one course english speaker delete 's one even lot french speaker 're king get lose course different language speaker want try n't like ca n't remove,1
also stop offer `` free test '' ... please something,1
try learn hind.. notice problems different bowels sound exactly distinction sense 's guess one choose like lead make mistake,1
also could n't complete several task due pp accept correct answer,1
also different lesson information domingo pus,1
use love pp progress rapidly start use heart health penalize mistake new lessons,1
please go back light hearts,1
try use online version n't hearts 's hard use mobile devise,1
ply discontinue hearts,1
ok 've use pp years 's always helpful update downgrade live area phone signal wife spot use download lessons office apparently pay $ 12.99 monthly,1
also ca n't see lessons group ( ex use click `` basis '' would show donna learn every lesson ) progress quires use free could skin things already knew..,1
use actually retain information repetition practice high daily goals,1
goals mean nothing lessons short memorable,1
hearts system make otherwise great pp unstable,1
sure though maybe hearts pay,1
long dont mind take picture look personal picture record audit record video modify settings modify sd card read data sd card delete content sd card search find view account tied-in phone analyze wife connections analyze data anyone else wife run start listen microphone,1
learn word ok online pp explanation word/meanings/phases change think 've get,1
unfortunately use plus free trial miss cancellation date course charge $ 167.00 beware auto renew 12 months together constantly bombard email,1
completely stick multiple hind course,1
far option spend gems take test skin lesson sound come lesson 've waste gems continue,1
pp good fall short one aspect sometimes allow bad swell word may one letter time fail misspell regardless level,1
also hit phrase blue even cover phrase even word force spend time check translation actually learn anything,1
find enough helpful learn japanese karagina anti,1
japanese teach method also odd,1
one probably find ape learn eastern languages ...,1
edit 've introduce delay ship,1
actual content great however past years begin charge money many things previously free lingo price everything down amount light actually earn limit able make 5 mistake pay use pp need wait 24+ hours use,1
longer satisfy user domingo money charge excessive advertise money charge,1
's mislead say one use office use pay version,1
need update time 's internet connection 's nothing one,1
time 's error message one click lesson work one need click second time,1
sometimes volume go mid exercise,1
pp fine like way work hearts system terrible really keep progress,1
wife pp phone great bc hearts system,1
allow 5 mistake day insane,1
nice concept buggy zero customer support,1
program learn italian badly explain ( idioms unusual construct throw without prior later explanation ) repetition ( examples autocorrect already learn ) contain weird frankly disturb sentence practice ( 'when die,1
users leave support advice,1
frustrate pressure create profile,1
nice application however get stock one step game pair sound word sound n't play one button allow continue,1
dont keyboard language want learn ( device ) dont download domingo,1
hearts use learn language never get fill happen months even update pp,1
useful use fix keyboard,1
new update upset older version cheaper n't limit hearts,1
teach support responsive question comment get lock,1
study material provide,1
even though finish first place league n't move next league give credit lessons try report issue deny 4 time try submit give refuse pay pp ca n't submit problem company,1
poor pp support,1
plus 'office feature work get refund 6 month subscription pay Â£48 use,1
constantly ask domingo plus refer friend free week,1
however upon refer friend free week give found try plus annoy,1
actual pp helpful u get many question wrong u run hearts wait hours go back pp,1
show ratification open pp look ratification 's nothing,1
's way get rid ratification indication ... annoy,1
2. happen fifth ten get diamond league.. n't get again.. wonder make competition n't let win,1
1. really mad eighth diamond league countdown finish say something go wrong get level,1
n't let people compete 'd go give point next level..,1
people abuse practice lessons gain remain top leaderboards make unfair people update ape learn legitimate way,1
wont sound listen exercise,1
buggy interface andros device make reply sound frustration pp think select answer,1
also mid unable differentiate even simple absent noise make speak exercise impossible anything silent pad room,1
poor pp design,1
finish 12 units japanese school get tell n't do write lessons n't even available pp,1
also speech recognition need work,1
've several instance say correct answer perfectly word light correct give red `` x '' say,1
'm make progress whatsoever 'd recommend learn arabic different way,1
microphone performance extremely louse,1
select even see input device use example bluetooth device connect,1
thank roseola stone expensive language learn pp fail deliver critical feature,1
try offer functionality like desktop fail,1
problems encounter 1.the picture small 2.is lack functionality desktop version 3.twitching japanese alphabet pain 4.the pp sometimes forget credentials 5.it require constant internet connection even choose download lesson,1
speech recognition sometimes work ... product ask much money would expect,1
sluggish pace,1
-animation take much time point 's 30 second animation 1 click,1
idea pp amaze 's hard without english word learn chinese,1
sometimes ca n't understand character mean 's hard use sound inman translate english goose translator,1
good kiss hard recognize kiss voice,1
try use pp 6 years son learn english stick `` girl drink '' try lot time include loud whisper adjust option male femaleï¼Œadjust sensitivity.all work.still recognize,1
expensive,1
buy pp,1
way expensive great way learn,1
pp require microphone lessons,1
software n't picture,1
great language leave option way much money honestly prefer domingo purely 's free complete course without pay roseola two three lessons pay Â£100 year,1
remain treat n't get response,1
great learn audit technology great,1
cancel subscription goose play get charge webster way contact get $ 80 back,1
andros pp translations,1
say word exactly time record something different,1
n't able login account mobile pp,1
forget something would n't let even though use rest button,1
bet amaze ca n't afford n't money ( 's $ 94.99 month ),1
close pp,1
good move slow pace,1
's also clot multiple choice help choose right answer eliminate obvious wrong answer make easy help learn,1
need less multiple choice speak without word screen,1
others like organ seem design teenager interest talk boy bands/ girl band ... seriously skin logical vocabulary sentence go straight `` singer cool. ``,1
please design organ make sense,1
wish add voice recognition practice say words/symbols/ sentence,1
also listen exercise n't work last update n't hear anything please fix problem,1
however ( old ) update provide comment receive response developer little disappoint customer engagement,1
... ... old comment `` longer see many word 've learn month ( previous month 's either ) also little graph progress etc `` think '',1
would realistic allow month month membership,1
irs claim help everyone learn free yet n't pay plan us fix incomes strive change,1
newsflash domingo ... everyone use pp wealthy afford give year front ... & everyone use pp dirt poor free answer,1
keep put office mode,1
get level four take back level three finish part level three rest back begin level three,1
would give 5 star environment design better one andros improve andros one maybe maybe would give 5 star pay plus subscription,1
internet connection perfectly fine yet 's fail connect internet,1
hearts ( use practice ) n't continue charge unless open pp,1
click hearts see time ... start count 5 hours.. please fix refill period hearts,1
give 3 star learn basis german 2 days sound listen exercise n't come skin moreover earlier press word use pronounce help lot stop n't know happen ply help really like pp,1
make impossible go many lessons face 1/2 chance look heart everytime come question,1
however fall short several point 1. tip n't cover skill,1
furthermore tip n't show begin,1
fix suggest give tip first level lesson skill,1
bell button review,1
2. league leaderboard may synchronise gain day others range higher,1
please add ability use keyboard exercise,1
force use word bank mean n't learn anything subsequently repeatedly install pp use desktop version instead,1
'd use star try figure things 'd get discourage finally quit play,1
pp short tutor video would help,1
pp would award 5 star give learner way connect communicate earners efficiently,1
please provide gratification us want communicate,1
pp good really enjoy dont know audit hear anything,1
ok pp really nice like reach stuff free ever since put `` 5 hearts '' thing 's enjoyable anymore 'm learn russian 's really hard make mistake would rate full star heart thing ridiculous oh wait hours get hearts back besides 's really helpful would recommend,1
additional pp frequently rest lesson lose work start lesson,1
also latest update new problems solve please,1
japanese domingo need work,1
sometimes get anti 've never see spell,1
lastly japanese social context important,1
reach `` domo '' acceptable way say thank 's informal case would consider rude use casually,1
wish n't drain battery fast,1
edit ( 11/7 ) learn grammar tip whatnot available web version save languages add last update,1
biggest issue ( 'm learn spanish ) often ask type hear 've run problem pp say `` un '' suppose `` un '' get din,1
thing bag access lecture note pp,1
also n't like league make rack point instead learn language,1
'm big fan ( ) introduce health system pp make totally disappoint ( pp unable mio ),1
learn use andros pp today hearts appear andros version also,1
constant bug cause sound file load properly result silent lessons punish able hear language,1
snug patronize unskippable `` 's tip '' screen make want throw phone window,1
also quite limit overlay repetition,1
little actual instruction grammatical rule kind guess hope best,1
french would give pp 4 5 star organ course lack,1
early lessons sometimes use sentence simple 's impossible drive intend mean,1
second irritate issue quality audit,1
's hard hear exactly say often due muddy audit,1
learn tool game,1
n't live,1
's even like live charge quickly take 5 hours,1
highly recommend brother n't use pp,1
give flexibility user move ahead,1
hard keep go make mistake run life wait energy,1
however couple weeks pp stop work ward health points.of¤¨,1
one new feature annoy break previously complete skill rate current learn goal result 1 new lesson every 2 days,1
would 5 star voice recognition work,1
use hearts practice hearts restore day,1
need make dont lose heart get voice recognition work properly,1
good beginners great try perfect language already know,1
longer see next language really help see one practice first,1
dont like whole heart point thing really limit whole learn process,1
learn mistake punish ...,1
's ok.. afford pay option little annoy hearts /lives disappear thin air happen regularly,1
pitch need sort ... everyone pay game dont issue,1
great pp poor hint pronunciation,1
great learn pp hate lose entire lesson 're heart health run mistake,1
make lesson get wrong even longer repeat hurt get point leader board,1
advertise free yet free run gems buy hearts,1
reduce three start - latest update miss progress,1
constantly appear list ape use battery past n minutes battery discharge two time faster,1
improve organ lessons,1
start test say `` error occur '' n't get 5 gems back ... 's th time,1
lose gems buy hearts ( replenish hearts take gems ) gain hearts give time frame,1
close open pp level clash,1
many push modifications,1
obvious way contact customer service free version,1
many change good,1
pp work landscape mode tablet,1
system hearts discourage make mistake reality everyone make mistake,1
would give five add health aspect think huge drawback pp understand benefit concept already practice go limit much learn day health make sense make harder go forward,1
domingo plus offer progress quires content dominate vocabulary grammar n't introduce,1
also enough emphasis spell speak new word phrase,1
example word sentence singular french word plural,1
pp riddle painless modifications gamificafion knob crack 11. get want make money still mostly volunteer work,1
would amaze pp take long restore hearts 'm get nowhere,1
say free trial click want pay year,1
biggest grip pp voice portion learn vietnamese,1
pronunciation quick n't get chance hear well enough,1
think remove latest update come wait 3 4 hours get heart practice anyway good pp helpful one,1
heart part annoy,1
pp good aware pay version 60 $ year subscription -not- pay 10 $ clock version,1
health thing annoy,1
take 30 second finish also annoy,1
however find relief much phrase learn replacement actual education language,1
pp would get 6 star new `` league '',1
nice pp anything free go sell unfortunately every time get 1 wrong lock hours `` hearts `` afford buy hearts would like chance evolve,1
pp poor job adjust learner ( ) start struggle,1
though say word tap,1
first get n't even unfortunate,1
really help love pp help learn spanish h.c neck would add heart system want learn different languages make couple mistake wait day make mistake keep make mistake practice nod language,1
back main menu click lesson wrong lesson come stroll lessons subfolders find one look,1
'm learn hebrew wish would show english version 'm learn idea 'm really say,1
pp far pretty good however keep crash require 2 start little buggy screen,1
advance n't recommend beginners,1
great pp consumer friendly far prick payment go,1
would much will pay clock units progress,1
20 units spanish 'd lady pay $ 10 clock unit progress,1
problem put new amazon prime purchase key old learn pp trial,1
hard navigable time,1
two problems explanation grammar learn way gauge well pronunciation,1
time get gist program try teach outside word memorization feel like would get explanation lesson take practice,1
try pronounce word sometimes n't hear matter loud,1
ca n't use total version 'm home,1
good start basic vietnamese lack learn layout start alphabet learn first go onto grammar structure instead reverse overall 's good program,1
great pp 's expensive,1
back feature pp,1
several annoy bag - periodically start `` continue automatically next screen '' even option turn - sometimes recognize voice - long load time - start show random lesson unit learn instead first do,1
pp extremely frustration come pronunciation,1
say word buzz say wrong want try without say help get right,1
much better computer version opinion,1
many button mobile difficult press without his-clinking play button hear something select,1
2 lessons pay go farther otherwise would give better rat,1
love far wish know exactly 'm say 'm look picture,1
start alphabet pronunciation,1
sadly language look learn tell helpful immersion program learn new language,1
need improvement voice recognition,1
expensive,1
log web via school webster pp,1
pretty good wish,1
free pp 5 mistake wait 4 hours move,1
errors french learn module however ( accord question-specific message board ) outstanding years i.e,1
problem pp upgrade latest version,1
introduction health system first ruin pp worst consequences fix regain hearts solve difficult lessons,1
's learn process little room error,1
feature computer version,1
japanese go another pp move lessons slowly give solid round things really need know better,1
prefer press word 's quicker keyboard phone best,1
awesome way refresh language find want learn scratch supplement domingo textbook learn software,1
good learn ape pp price high pus make 10 $ month otherwise 's good pp,1
previous hebrew study pp would helpful,1
pretty good wish could get level already go begin stag good refresh,1
recommend learn conjunction audit program get additional speak practise ( makarin 's intonation ),1
never know perceive wrong therefore learn language wrong,1
pretty good think start weird place,1
maybe 's make people already knowledge language,1
really like roseola stone teach pronounce word wish give actual schedule follow show everyday find things pp n't even know use,1
reason leave 5 star pp webster different use,1
high valyrian grammar explanations dont exist pp webster,1
pp `` break '' complete lessons restore webster,1
'd like get consistency,1
organ example 's difficult n't understand character make lot mistake try guess mean 'm premium waste hearts,1
know practice earn hearts way 's difficult advance,1
`` practice '' lessons new character match character sound,1
except actually teach word mean,1
guess phrase say translate,1
please work translate english arabic word little,1
sad see heart system place push people opt plus option,1
perhaps option cheaper would access service,1
also explanation something wrong would helpful,1
random throw things like character sound word,1
sometimes 'd forget something mean wait come back practice rather look mean,1
sometimes voice audit brilliant,1
personally would prefer speak challenge otherwise great pp,1
good pp good lessons design balance adjective unfortunately like ape need pay get unlimited time avert free begin need use hearts enough learn pp decide want buy premium definitely knowledge priceless,1
think would benefit teach letter alphabet languages use alphabet,1
drawback uncommon languages inconsistent audit clip,1
learn chinese japanese domingo teach read hear talk however n't teach write,1
users also able customize theme pp change voice narrators,1
bright side test simple beginner-friendly wo n't allow proficient language learn,1
give tip lesson module external link embed,1
actually enjoy pp quite bite reason give four star pop-up advertisement say get friends join would get week free unlimited access,1
get two friends join mean two weeks unlimited access yet whatever reason appear case,1
pp crash middle quit,1
restart pp 'd lose light need use 5 light,1
thing think would make pp better translation brief explanation error get something wrong,1
one suggestion tip guideline especially come sentence construction,1
study japanese regularly goose understand concepts ( wa ga ka etc ),1
forum comment useful ca n't always filter exactly `` opinion '' actual correct answer..,1
feel like free pp advertisement/trial pay pp,1
free pp tons advertisements,1
foi sound wo n't play image wo n't show 's rare unusual free pp,1
think make could hear sound new word /phrases 're present would help learn faster opinion,1
also would beneficial could chat others perhaps someone speak language 're learn help get use write conversational manner someone try learn language could chat us practice,1
bite buggy andros teach pronounce things garlic class native speakers glasgow different well different phrase,1
might better put back level two 've break,1
however little virtual reward get particular level think would good,1
actually teach new language great job encourage something want developer add ( please ) dark mode ( 's 2020 light mode quite outdated ),1
'm take english-german course half lessons `` hint '' ( actually require want learn language ),1
also hint desktop much mature mobile ones,1
accept one two correct answer write hear question,1
overall helpful sometimes new character n't see put front figure complete statement,1
n't sound ca n't listen exercise,1
anyway microphone work problem speak part,1
wish explanation different end word option pay monthly service definitely keep use,1
fun adjective mix learn topics keep break even get streak lessons come later day break,1
content high quality quite intrusively annoy guess make money somehow ad free option way expensive,1
would also amaze able teach different kinds sign language,1
's great wish would spend time verbs,1
mid n't work well stop lot,1
pp give lot revision word already know,1
n't think get enough repetition things fail,1
's really good help learn spanish easy hearts annoy especially one leave get question wrong ca n't save progress of˜ž,1
`` tip '' suddenly disappear,1
'm hop domingo add languages future,1
great brush chinese skill impossible learn ukranian since dont know alphabet,1
new health system abolish,1
prefer former group introduce league normally compete group complete challenge fun present league,1
really love pp sadly recent feature reach satisfaction consumer,1
newest update 12.30.19 n't know happen ca n't use speak ability test,1
time try speak microfon suddenly turn,1
've wait hour mid turn things keep happen install re- download nothing happen,1
still mid wo n't work,1
otherwise provide opportunity teach alphabet earners,1
bow second level could n't hear voice,1
good experience learn french domingo recently find bother problem sound 'm report problem sound miss every single exercise 's still,1
'm consider leave domingo without sound play 's likely waste time,1
many interruption lessons much focus bone base gaze theory,1
main issue interaction pp phone keyboard dictionary improvement would really help,1
's utility greatly lessen however frequently incompetent confuse translations make impossible know rumania actually mean,1
one annoy detail lessons accept `` arrow / new line '' button andros keypad alternate enter button addition `` check result '' button,1
since `` new line '' button right backspace button often submit incorrect answer 'm try correct type,1
like pp 's get certain amount hearts,1
lose < come quit lose progress,1
complaints think hearts unlimited,1
like learn spanish ca n't 's limit many mistake 'm allow make,1
speak test 'm positive 'm say right n't process right sometimes loose heart,1
n't like wait like 5 hours 1 heart ca n't really make mistake 's part learn new language,1
think get hearts like 5 hearts hour,1
lose star think would helpful section phrase need travel italy earlier personally would find reassure,1
good basis would think pay lessons bite get heart things discourage learn,1
also hate hearts wait certain amount time play unless accumulate practice run,1
's great pp sometimes hint n't exactly help question,1
plus languages n't tip section,1
'm learn russian tip page assume end noun,1
's also much content regard spend light,1
would love range outfit motivate earn light house,1
would also love available,1
unfortunately work well put good wife bone - clash fail work g,1
sadly enough ca n't start higher level,1
however learn arabic would tread caution lessons bad habit mix modern standard arabic dialect arabic never do,1
look great n't,1
frequently freeze random n't record progress,1
would like see stories pp site,1
would nice able collapse lessons pass checkpoint,1
stroll tedious,1
downside explain rule basis approach really intuition ( guess game sometimes leave interpretation rule go along learn translations ),1
would good reference portion want understand grammar rule,1
reason 5 star one voice thick accent hear properly guess work get word phrase correct voice use,1
dutch interest use pp often frustration particularly computer voice race sentence consequence misunderstand word,1
dutch often extra long mind simple translate even,1
couple suggestions 1 ) sentence never complicate rarely use vocabulary previously complete lessons 2 ) word selection pool time first word capital letter make easy identify,1
new languages however 'd like write include,1
works.of¤¦â€â™€ï¸ office course download clear data domingo pp settings fix issue,1
log back least better wait week response team ( never happen ),1
besides one bug email response of¤·â€â™€ï¸ pp great,1
thing keep give five star speak portion 'm take organ n't know languages like lady talk way fast,1
's option speak slowly say sentence part,1
'd helpful could practice sentence part slowly try repeat whole thing,1
add barque list time,1
4 star would like see feature whereby listen pronunciation roseola stone,1
good want communicate casually annoy punish minor spell mistake otherwise ca n't complain,1
love pp start full conversations though,1
( complete circle etc ) 's pick minor spell errors,1
keep tie whole long complicate sentence one two small errors,1
complicate grammar equally frustration,1
different grammar need start simple task rather whole sentence translations,1
achievements beg,1
however 've already complete league get achievement,1
great pp please fix achievements,1
way domingo reach great however pp increasingly add paywalls take user interactivity away,1
club good way users learn keep active discontinue leaderboards replace,1
leaderboards make people competitive 's way root learn others number ...,1
root voice speak french japanese german make difficult know pronunciation accurate relatively ok stand-in humans speak,1
grammar lessons would welcome addition,1
actually would great n't problems example women n't talk anymore listen wo n't listen error load lesson,1
however minor change would like see 1. please make harder pass test ( never fail ) 2. please add draw character different languages ( choose ) otherwise 's wonderful free application 2-second ad end lesson,1
sometimes sound file break also english translation n't exactly answer mark wrong,1
however annoy get many chance get answer right wait next day,1
find explanation word hand 're leave figure,1
also spell correctly complete challenge,1
bunch quires relax learn experience,1
rate four star instead five although 's helpful sentence teach would n't need know things would n't normally say,1
think teach basic sentence would use everyday rather something like `` lot young men live america '' something similar,1
besides journey one thing bother hearts,1
would lot fun n't wait four hours least one heart,1
need lot practice spend 5-10 minutes day wo n't learn much,1
would great speak option write option feel speak important read mostly,1
one drawback ( italian ) lessons n't comprehensive,1
three four verbs introduce ( sometimes without conjugate make irregular verbs difficult ) exercise ask dozens verbs n't introduce,1
's great pp ( use enough use pay version ) still need notebook write learn verbs conjugate along glance language,1
lessons could stand explain certain things little better though,1
like lesson little lay cover,1
would like much better option turn write portion language try learn,1
need word every category possible ) thank,1
notice n't learn alphabet yet,1
feel slow pace expand french vocabulary,1
disappoint lack lessons,1
would get 20 lessons higher level good retention repetition key get 4 level ridiculous,1
ok pp great free language-learning pp feel like teach correctly sometimes exercise n't give many tip lesson either,1
patience will dig answer mark wrong ( even though 90 % comment users pp show answer ) might really enjoy pp,1
wish lesson would explain little community friendly will teach make lack content lessons,1
really love pp except one piece health,1
get lesson struggle pp health run even completely finish single lesson,1
reason n't give 5 star grammar rule n't explain learn say things languages,1
run bite slowly phone,1
occasional bug make lessons impassable rare 've see practise mode,1
errors lack vital information learn pure translation-focus pp take away learn experience opinion,1
maybe kind lot make send money better version,1
hope develop 'stories help immersion,1
reason take one star 's little straight forward 're still learn alphabet something next thing something 've never see,1
please audit lessons,1
please add lesson learn symbols language letter anti etc,1
love much help lot learn new language '' hearts `` take long time refill lead quit pp wish u would look matter make better,1
wish progress faster pace seem relate demonstrate proficient,1
thing miss explanation theory,1
love pp 's useful learn type different languages 's useful use school wish n't pay get unlimited hearts make hearts beside 's great pp,1
help sure small criticism would overlay repetition,1
repetition bread familiarity feel repeititve,1
superb try avoid repeat sentence lesson several time become bore fact try use word want learn different sentence avoid make anyone feel bore one thing lesson many level try make level especial make feel learn new thing even new sentence,1
problems time speech function make miss word pp mispronounce,1
like pp honestly passive aggressive modifications get nerve,1
skin day modifications get sappy,1
time want hear audit might fact happy phone otherwise great pp,1
think process bite slow / waaaayyy tooooo slooowwwww instead push learn get bore annoy,1
lot repetition lessons seem limit amount new word could introduce category,1
occasionally issue lessons load couple speak question would n't accept answer unless english 's good pp,1
n't much explain santa voice speak quickly audit test free pp good,1
silly type get annoy overall awesome product,1
teach methods great please add rude languages teach,1
also tip contain list vocabulary teach lesson memorize would also help ( ex japanese letter pronunciation ),1
fun way learn however pp could use glossy word 've learn well proper pronunciation guide,1
copy voice perfectly yet pp still wo n't register 've say correctly,1
's good start new language audit seem cut reason periodically,1
time must select word ca n't n't fully appear screen,1
lack bite depth explore grammar actual dialogue listen learn,1
get like 5 wrong lesson n't domingo plus well heart live 'll wait 4 hours 23 minutes,1
lessons sometimes start without give enough information use word previously teach,1
would nice vocal library keep track word 've learn far,1
wish let practice part,1
's help learn basis far small complaint know resume leave lesson,1
could say n't like whole set everything level act ..,1
nice application interactive would love could possibly able online quit competition friends would nice,1
pp interface awesome languages like makarin feel beginner friendly,1
's intermediate practice people already know basis opinion,1
love pp find one fault could n't talk native speaker,1
suggestion design better content lesson work detail explanations answer right wrong,1
love pp reach lot still learn language whenever get word wrong lose health point lesson get right earn back health point,1
give 4 star n't really like idea hearts think able keep learn rather force pay Â£60 year infinite hearts,1
con would like see explanations grammar,1
however hearts slow learn progress,1
domingo please stop hearts let pp,1
hard time hear sound,1
use phone tablet phone pp oral exercise,1
australian american usage frustration translation,1
good pp learn languages lately problem double light supposedly watch adv seas turn screen go black stick,1
specific languages could involve like martha awesome,1
hate complete day 's lesson midnight order maintain streak,1
issue add friend track 's progress,1
hearts bite annoy wish pp n't push get pro otherwise 's great,1
wish tax explanations things like word spell different ways,1
really great pp free use may need review rumania phrase,1
would 've great add latin,1
yeah add feature save tip office,1
dont many explanations usage word,1
might useful put word use grammar properly,1
think could one ape n't need connect internet nice otherwise great kiss adults,1
somewhat repetition move forward easily,1
explanation towel usage,1
lessons move along bite quick need time learn symbols ( letter ) new word well express expect know,1
however give four way many add however recommend download of˜‰,1
amaze pp sometimes formulation sentence seem weird also case ask translate something name write like hallo hans > hello ...,1
sad feature switch default language,1
first language russian phone set english pp also english make really inconvenient learn,1
nice problem ca n't find friends,1
things n't exactly translate right 'd like think 's difference dialect,1
suddenly pp become unstable,1
mass point days number lessons do league,1
access listen speak task ...,1
wish would challenge little faster though,1
learn arabic font assignment small difficult read especially beginner,1
... ..except sometimes problem audit system,1
sound n't work properly time unfortunately˜¹ unless application awesome,1
good pp ... would prefer pp explain feature towards grammar/vocal could better understand word order etc,1
update pp sound vocal quires u tape sound tape,1
great pp really helpful of˜‰ n't think hearts necessary though,1
's good pp learn basic vocabulary 's work beginner level,1
reason make louse japanese course even cover hire give zero lessons katakana essential learn japanese ... need kind rd party study aid asia course want learn depth play game ( > > ) text book character chart etc totally unnecessary,1
better ape asia 're interest european language application must,1
domingo great pp learn new language pay order continue learn without interruption like hearts,1
good pp take long get intermediate/senior level already know basis want learn complex sentence,1
wish dark mode late night sessions bed,1
n't n't hello grammar sentence structure,1
love pp things n't like pp.when get things wrong heart go later none hard play sometimes,1
pp great 'm learn 2 languages one time add little ridiculous time,1
's little childish wish learn useful language travel bet 'll come,1
might better developer add exercise practice speak,1
good pp explain grammar rule,1
require little research outside pp progress lessons,1
mix voice,1
get annoy reward though,1
program today start pitch access plan,1
sign look like progress save go,1
also audit struggle use either wire headphones bluetooth phone microphone,1
excellent need option rest lessons one time cumbersome want start period away,1
past could slow pronunciation,1
mostly good issue 'm occasionally pp/ phone pick say,1
'd say get brand new phone use good microphone would indefinitely help,1
's bite frustration n't recognize word 'm try say though,1
four immersion tough time connect dot,1
hint purity fiction early stag might help particular non-neuro base language,1
love experience ability learn pp thing wish different way earn lessons even ability get lessons cheaper,1
voice recognition need improvement though,1
good need free,1
communication free,1
wish let users try get correct,1
wish could repeat ensure retention,1
good bite annoy u pay,1
able find option change beginner intermediate pp,1
audit analysis great tell 've pronounce word correctly however 's great help improve,1
great pp bite expensive limit 've do 20 units 's nothing,1
think need grammar n't really explain,1
contract customer service seem automatic reply,1
overall pp good expensive limit,1
bite expensive side get half price deal 'd say 's worth,1
one criticism read lessons unit one ridiculously easy feel like waste time,1
make account japanese unit issue sometimes voice lessons n't work start pp,1
issue unit 1 without pay money,1
get learn english well work pronunciation far think work side ca n't log onto another device log device,1
use pp lawton instance forget log ca n't use pp lunch work phone tablet,1
n't like ca n't open multiple devices,1
unless professional level microphone tell fail first time upon say word phrase second time say get 100 % correct,1
wish help pronunciation like get word wrong repetitively 'd like give option extra physics help,1
also would nice `` general grammar rule '' section reference help,1
like lot really helpful visualize pronounce word without tell definitions difficult,1
also seem miss desktop ape feature like character selection,1
japanese seem way tongue hiragana karagina,1
wish also translate mean weather us guess,1
reason pp five star every wo n't register voice,1
either fail say phrase word multiple time register,1
feel like multiple choice make easy make educate guess maybe work long run,1
seem issue though sing,1
every time open pp say congratulations finish week even though 'm week 3. 's button take latest though 's much bother still weird,1
interactive work conversation actually say word like speak analyse know say right,1
need short note something right wrong answer grammar,1
program difficult time speech recognition exercise require respond verbally,1
'd better basic alphabet languages plus word translation ( picture ) select native language,1
recognition skill develop quickly pronunciation skill need work,1
learn vietnamese word n't mean thing,1
say ong ba older man woman correct tell 's elderly man woman,1
would better focus recreational word phrase since trip fun business work,1
slight issue speech recognition overall love new format,1
thumbnail photo small easily understand phone screen,1
good simple bite size learn fit around day hard work voice recognition issue microphone software,1
great pp little price worth,1
4 star mobile n't include noweigen option yet,1
work pretty well mobile pp occasional issue repeat mid,1
would like word picture game beginners,1
start use pp learn japanese travel 'm issue fully understand n't actually directly translate tell word mean,1
seem trouble pick accent/tone,1
teach method great complaint 's easy way review get habit study,1
would like see game available via pp pp otherwise work describe,1
good albeit phone mid sometime get drown fan common absent noise,1
sometimes voice detection hangs/laws make repeat phrase word,1
much anti first lesson,1
prefer hiragana katakana,1
turn microphone n't enable anymore,1
sing multiple devices need get little better overall good,1
good language pp take long load,1
say word say say wrong ink 's,1
good pp sometimes laws behind appear get stick occasionally otherwise useful,1
do kind fun really wish could nothing argentina accent ... fun may learn spanish ... like wish could argentina set know,1
awesome far wish free content,1
excellent except voice recognition touch,1
n't really give translation,1
although great pp wish n't expensive (,1
's fast novice..please allow time pronunciation grammar 's rrrr-eat,1
lose progress phone,1
wish could clock full version expensive,1
need log every lesson,1
n't features/lessons web,1
good program like guess game,1
sometimes put answer accept 's reason happen ~150 question,1
honesty add get annoy,1
quick update wish tell many minutes hours total practice,1
lose live want keep go,1
also test skin level sometimes easy translations provide word bank,1
's really adjective competitive person careful,1
would like make suggestion would make simple least dictionary language 'm learn pp,1
learn interactive environment beat methods opinion wish domingo would take lessons even advance level well,1
one extra plus sensible approach audit support audit good idea practice text,1
ca n't use language learn supplement favorite pp,1
pp helpful process learn two languages french welsh ape need improvement would like change two things 1 life 2 word bank choose languages example complete lesson word go `` dictionary '' help memory revision thank read create domingo,1
bad beginner learn language think add relatively content language people streets word people use daily life although 's perfect application keep,1
give tip get question wrong,1
also use dual language dictionary book target language,1
another great help would totally immersion experience and/or native language speaker,1
program great sound pronunciation repetition word basic stage mute practice repeat word become difficult,1
pus add items store 'm lose motivation buy everything,1
wish could always make repeat sentence word even correct answer,1
pp great lately 's bug guess voice work,1
wish explanations things also way look back bank word 've learn,1
sentence bite silly ( eg `` 'm apple '' ) overall could recommend,1
's great pp 's masterpiece guess pp really plan well please gun add feature chat followers different languages different countries,1
's awesome recently sound n't work think 's country run 's pity hope come back 's impossible continue true pronunciation,1
kindly request add arabic rude language course also stories ( read ) dictionary option application,1
make learn languages easy unless use different alphabet,1
however recently listen exercise quite unclear,1
constant upgrade pp keep beg though,1
clear ache every time every lesson,1
would nice though could delete course phone instead computer,1
complaint light feel little useless,1
biggest complaint japanese specifically lessons hiragana 're kind throw straight katakana anti,1
also mention phrase learn japanese extremely rarely use native speakers ( accord hellotalk friends ),1
sound course n't work properly,1
get mute test,1
would cool dark theme though,1
excellent way learn foundation language accompany immersion,1
go honest right game bore never really enjoy really use long get bore new update love update new stories always fun entertain come twist love use pp problem get stories every day make happy fun learn new language time 5 star love,1
things 'd want would cool section like read bunch different tip section instead one overall love,1
however one small bug-the voice recognition question lenient point learn french someone say something hind background say correct,1
however wish languages sometimes audit n't work devices despite turn,1
one thing others however ...,1
complaint spanish ca n't understand say `` tres '' even though 'm pronounce correctly - 've boyfriend whose first language spanish try ca n't understand either 's pitch,1
problem u r use free see interfere,1
problem competitive bank large 's list cause try,1
first 1500. place high pretty difficult,1
bite disappoint costume,1
way show costume pp load lessons load,1
hate every lesson,1
n't like grammar n't particularly teach suddenly introduce lesson practice,1
necessarily say give book suggest easy read book language learner desire learn,1
would enjoy see achievements game like feature future,1
yet one thing wrong spanish lessons learn put sometimes-unnecessary things,1
thing need say n't option remove modifications since remove modifications lose inspiration learn 'm start,1
wish quires progress base,1
would greater pp stop send modifications days maybe little bite change concern content notifocations would greater well,1
exceptional though letter bite confuse term survive book type,1
would great advance level learn,1
show translation word ask recognise sound meaningless n't know ... goose n't ca n't translate either 's good either,1
currently unable hear choice sound start lesson,1
grammar bite funny,1
`` bad point '' lack explanation would say really plan learn 's side tool ),1
area regret system abuse extra point,1
improvement could think add actual alphabet sound letter make language,1
one thing would like say also make us oral practice,1
*there `` heart/error '' system pp,1
thing would change domingo background colour,1
however take upon self broaden vocabulary,1
unfortunately would n't able afford whole year even though think 's wonderful resource hope continue encourage people learn,1
mobile version limit five hearts dont get premium computer find hearts take away make mistake,1
definitely use headphones get infections right,1
) additional materials like literature video optional,1
thing would change practice quires n't go things 've already learn,1
plus version little price definitely worth,1
go pp learn language..but much ad..,1
first thank amaze pp.it really work me.but small problem voice n't work miss major part it.can fix please,1
â˜†update 'm ruby yet 's still show sapphire,1
issue wish would let users type japanese say lessons ( mobile pp ) 's small issue n't diminish rat 'm give,1
would include breakdown lesson reach new verb show differences,1
great pp problem last update first good sound pronunciation go mean sound,1
pronunciation of˜¥,1
really like pp regard deal plus 'm bite disappoint u gun already u make us pay able learn office,1
think option allow users connect people perhaps chat option,1
would love see gaidhlig man,1
significant repetition lessons helpful derbies intermediate want skin early level,1
one feature would great add-on option review complete lessons refresh,1
thing buy skin things end lot light without purpose,1
maybe gun could add skin things,1
live talk spanish people would nice,1
sometimes little rigid spell new language overall enjoy pp,1
experience occasionally pitch cancers day streak,1
'm learn italian need learn calabrian italian regular italian,1
lessons also challenge fun would nice maybe list vocabulary maybe explanation grammar work somewhere,1
please add finnish cantonese northern s¡mi iceland lesson english speakers,1
happen percentage bar let us know client spanish different language,1
wish would stay level time go instead know last time use,1
lot gems nothing buy anymore,1
n't way communicate daily apply languages 'm learn,1
many complaints domingo slam break streak,1
sometimes sentence long,1
something need fix grammar languages,1
dont help speak learn read top notch,1
please dark mode option,1
wont teach speak british- could change please,1
fact use almost 1 year something miss filipino language add wonderful language filipino ay sing magandang wiki message filipino user‡µðŸ‡­of‡µðŸ‡­,1
wish way flag specific things practice trouble areas,1
demonetization could better,1
please add persian,1
good pp language learning.. though r bag exercise think u add option tell bag cause stop learn progress,1
n't know hear speeches long delay late,1
heart annoy understand encouragement,1
say word language n't know mean,1
every time try load page get boot straight result page tell n't achieve pass mark,1
chance manage get open limestone section get boot end result page tell n't pass without give opportunity complete section,1
want priceless program 'd learn many languages single mother budget 'll stick ones actually need area,1
straight charge 100 $ year instead monthly rate every year,1
take understand lesson plan 's set extremely well,1
though picture hard tell boy girl something,1
really good learn languages dedicate really want learn would suggest things along,1
side note already knowledge language make little easier,1
also 'd wonderful exercise accept response offer use correct grammar vocabulary can responses,1
recommend pp dedicate adult earners,1
would nice n't pay get best experience one best language learn ape,1
please fix click button top screen,1
's good learn language ape boooooy ... 's pretty expensive,1
first bite frustrate three try pronunciation really help learn things faster focus,1
issue see microphone disable practice pronunciation would still like able stay screen automatically jump next,1
've find one flaw - need total silence verbal exercise sire distance even low struggle differentiate,1
really appreciate pp ... although link subscribe n't allow cancel subscription ...,1
find weird fact start phrase directly write greek idea regard greek alphabet 's donna tricky,1
multiple fail attempt change voice recognition ( still x ) pronunciation difficulty ( still x ) speed ( correct,1
pp effective teach word instead user go exercise frequently,1
pp want repeat syllables voice pronounce syllables speak pp show word break,1
voice pronounce ë¨¸ ê±° ” pp show ë¨¹ ì–´ ” issue n't teach alphabet pronunciation rule,1
speak part sometimes little buggy overall 'm happy pp,1
picture japanese word english ( menu ) get since word ca n't translate english n't use learn style take try get use 'm learn steady pace,1
however would suggest basic background german never study,1
maybe border picture smaller would help,1
'm learn japanese help grammar letter pronunciation,1
wish gun add tip oral practice especially exam,1
require good internet connection able steadily keep learn anywhere house baby help lot,1
wonder game webster add ape point,1
good add option type definition word english ever language speak ( general ) language ( also generally say ) try learn type noble wise great job,1
thing would better add explanations along image case understand say base picture,1
write let know language want..the language want learn bulgaria step dad bulgaria want learn language please put learn of˜,1
hate pay advance wish free,1
learn quite bite first lesson wish could get translation know exactly 'm say,1
like far issue would great show u say instead image,1
would love daily reminders build,1
hard try add second language.. first one go purchase second language do first.. please help anyone,1
sometimes crash difficult login,1
pay lot money get lessons,1
really good program wish would break word mean,1
pp really perfect unfortunately afford subscription recommend pp fully wen afford subscribe,1
love pp afford price keep learn,1
stop tell rate ape 'm use,1
mostly fit people look learn basis language quickly maybe trip,2
languages design well - japanese,2
learn chinese enjoy incremental vocabulary systematic sentence,2
pp work fine without add remove,2
update make feel like kind game plow,2
's easy pick work short burst,2
domingo come long way fun use pp learn,2
french lessons build slowly helpful hint,2
get go n't hard figure gain live,2
good fun learn format,2
use pp couple days 'm enjoy repeat lessons fun different ways n't like add free version point put decide otherwise,2
picture tell many stories,2
definitely fun though,2
league make bite competitive motivation need comment system allow learn others well,2
's really good pp fact 's free,2
helpful hear see time fast slow speed,2
use hiragana learn word make character stick well,2
cover read hear write speak translate,2
's powerful learn tool sure interface intuition well think,2
good pp basic learn,2
bore lessons,2
new garlic course well write well think,2
great pp especially want practice vocabulary,2
lessons quick n't terrible - one end lesson,2
pp great especially learn scratch one two little single find difficult get past,2
love incentive,2
sign free trial lot better,2
good pp learn different languages,2
excellent way learn listen write speak new language,2
great variety languages,2
definitely great learn tool play like game cap reward center brain keep come back,2
'm use free version 's pretty good consider 's free,2
great start learn tool lack proper time schedule take class,2
n't use much data space ( unless plus download course ),2
free version come add n't long come end lessons rather interrupt anything,2
choose wide variety languages learn lessons entertain challenge enough keep commit,2
bless free,2
reach language fun free,2
point system keep motivate keep learn,2
'm learn japanese integrate anti fearlessly lessons,2
love give daily accountability little lot give day,2
pro positive self-paced language pp great job,2
even overwhelm horrible,2
option many languages,2
help learn speak also properly pronounce word also important,2
categorize essentials seem good,2
stitch voice clear time,2
'm thrill free pp learn language smooth interface,2
best use supplement bigger flush course,2
's almost like play game 'm learn language,2
pay version offer little term ease use compare premium help support community earners,2
domingo great use aid traveler,2
like domingo make speak read type answer,2
also create friendly competition advance,2
great pp learn various languages,2
occasionally frustration find comment section usually explain quires stitch system,2
bite slow aggressive reminders ( exactly need busy time ),2
far great pp clot option choose get first core lessons free purchase anything actually really helpful able hear word rather read fact get word wrong dont worry start whole lesson option go back finish fix mistake also put word struggle revision lesson,2
ask level language type things want learn ( whether basis tourist language ),2
judge pronunciation ask repeat things well flash card visual hear spell,2
learn intuition traditional lessons,2
best part pp let practice sentence use match picture,2
use repetition help understand language,2
's really good pronunciation get speak fast,2
's helpful last-minute need learn quickly,2
add picture pronunciation probably make pp successful one top structure learn good,2
use picture build associations new language word 's mean,2
lot review mark translations whole point would recommend try,2
speech recognition work well,2
new user like part pp easy interface beginner also use smoothly familiar new language want learn.this pp also let us learn new languages easy method great convenience time,2
great native speakers,2
start basic engage exercise,2
easy use easy alternate pp computer lessons,2
able download lessons use line handy,2
trial seem pretty helpful,2
good pp perfect pronunciation,2
break difficult word syllables sound help,2
helpful image great easy remember,2
intuition comprehensive,2
challenge fun,2
pp hard fun worthwhile will put two hours everyday learn language,2
intuition different learn style work 're pace,2
gaze mechanics keep come back 's fun compete leaderboards couple months 'll start understand maybe even basically speak another language,2
make fun learn ratification,2
wonderful use visual audit clue,2
great job keep engage interest really work,2
lesson tip useful,2
easy way learn language & move league pit,2
learn break different categories use repetition add old stuff new stuff remember word,2
also appreciate pp free along languages lessons,2
repetition helpful retain new vocabulary hear sentence great learn pronunciation,2
minimal n't watch bother,2
unlock new material u go n't feel overwhelm word fast enough teach pace develop,2
really enjoy ratify experience domingo bring learn new language,2
appreciate listen speak part strongly integrate lessons,2
'm impress hear speak even noisy situations,2
repetition really help remember,2
set reminders n't forget well lose spot leaderboard compete amount others,2
pp free minimal dont worry pay anything,2
learn language everything - mean match word pick right words/phrases speak word also type lessons,2
voice record wonderfully clear speed /slow option,2
'll get higher level pay option appreciate give space make choice along,2
domingo awesome use small chink,2
n't read listen watch ... form communication encounter real world ( include speak pp ),2
quick friendly,2
even minor progress note fun ratify way daily experience step forward,2
pp remind every day continue streak run well use,2
non-intrusion n't hinder pp,2
n't pressure much day set learn pace,2
extremely reliable short infrequent highly reward,2
even n't bad since n't many get 're 5 seas,2
also little bite competitiveness,2
nothing like try stay top leaderboard learn time,2
learn pace choose gather speed choose teacher,2
make genuinely interest language try learn,2
repetition nature way learn english spanish vice versa good audit spanish learn correct pronunciation invaluable,2
make mistake sentence structure show correct,2
also like new story feature,2
minimal serve purpose fund pp,2
domingo formal systematic highly organize language course interactive satisfy fun like eternal puzzle,2
great free,2
many different skill learn handy motivation message every often,2
self pace lessons great whenever convenient,2
q & button clarification & users helpful,2
recommend stag learn,2
's free n't bothersome 's good,2
fun interactive identify weak point help strengthen ... 've get daughter help spanish honestly could n't recommend,2
yes 're intrusion skin easily ... 'm tempt subscribe good,2
great pp make learn languages fun easy,2
pp actually fun reward,2
consistent actually easy work,2
also offer massive range languages include latin clinton,2
fun easy learn,2
really help school inappropriate parent really recommend pp school occasion,2
lessons short long like break small chink overwhelm,2
best part free little actual interruption heavy push premium service,2
's completely fine consider experience provide,2
great pp free use get limit amount use per day upgrade unlimited small monthly fee well worth cost wo n't want put,2
make learn fun,2
company ensure education available free version,2
easy use,2
recommend age abilities,2
make learn different language easy motivation,2
way lessons set really help retain information,2
like way show hiragana word,2
pp give great repetition word help memories,2
easy set get start,2
fun game-like learn structure,2
unobtrusive,2
would recommend language earners age,2
practice lot repetition really help,2
make work vocabulary grammar listen read,2
fun,2
easy information fun free,2
add detail grammar ask tap water vs sparkle water travel great addition,2
interactive pp,2
get speak translate english language choice learn vise versa,2
'm actually retain language 's bore maintain lessons n't drag,2
learn fast slow need,2
absolutely free n't annoy,2
also like listen podcast specify practice spanish drive work,2
give lot ways help learn language pace things like leaderboards streak keep interest learn,2
excellent straightforward learn break easy step short lessons little much like,2
love everything get content thorough like 's structure great fun support learn language,2
love ease use repetition n't seem bore,2
round excellent experience- wish finnish course..,2
nice friendly interface encourage easy use every day,2
easy get 5 -15 minutes day,2
earn reward motivate return continue daily `` streak '',2
take lot repetition best way remember new word,2
increase pace want,2
really easy use feel like game rather lessons,2
fun way learn new language,2
make fun game like 's excellent learn tool,2
mean come even clinton,2
best one find love way league make want learn get,2
lessons quite fun n't feel like big choose,2
podcast great well,2
( actually interest ),2
really easy navigable use,2
almost nonexistent nondisruptive,2
especially love tip,2
learn languages never much fun.. learn answer question like game really effective methodology..,2
pp make learn languages easy fun.it also easy convenient pick use n't take much space device encourage use every day,2
's free better expect,2
recommend pp everyone even young children use,2
use pp easy exercise great improve language skill,2
give enfants repeat learn good fix memory,2
domingo super admit fun use,2
first program structure allow several repetition new material help memorize,2
second aspect concept league one view progress compare progress others league,2
also give reminders n't forget,2
practice section really helpful review learn,2
domingo intuition user friendly fun use,2
fall short compare unique fun game experience bring table,2
best 's free,2
stories practice read 's good build vocabulary system make fun,2
progress report give enough incentive make sure log every day complete couple lessons,2
's really effective efficient pp take time make sure grasp concepts spell pronunciation accent whatever language decide learn,2
easy use every age range,2
easy play retain learn natural interactive format,2
fun easy use,2
great pp love free come listen along podcast ( least french spanish language ) one thing would helpful provide creator would list read material appropriate level learn user,2
simple wander flexible,2
's also fun interact 's platforms,2
speak write interpret english spanish spanish english make learn fun quick pp give us goals set well 's like personal tutor tip finger,2
bank system give competitive feel keep interest go,2
like new update see 'cracked egg,2
excellent liability,2
exercise score reward strategic motivation,2
pp 've actually manage use daily,2
's super easy get actually quite fun learn pp,2
also addition stories spanish lessons 've learn much quicker,2
learn key phrase practice speak listen podcast feature pretty deep learn pp,2
straightforward language learn pp n't seek completely `` ramify '' experience still manage keep interest motivate keep learn practice progress,2
plus feel oddly encourage little owl pip say nice things,2
great use domingo andros computer help learn language free matter beginner,2
fantastic way learn another language really hard time class program learn spanish actually enjoyable game like make easy learn 's also really repetition farther get feel like naturally know word 's legitimate free 're wrap exceed without upbraid,2
excellent interface,2
well pace lessons,2
steady pace suit,2
clever use learn word,2
graphics voice pleasant,2
enough game-like feature motivate extra study,2
example errors cost â¤ï¸ love earn extra â¤ï¸s practice,2
watch video optional ears gems spend game,2
delightful pp build language skill fun way,2
play benefit learn easy fun way,2
like even speak practice voice detection function see pronunciation correct,2
adjective game,2
pp great motivation learn new language well refresh languages 've learn little,2
lightbulb take page explain lesson,2
get lot fun way learn,2
overall 's still fun method learn spanish 1 school random learn spanish 's,2
pp fully free support pp 's intrusion anything,2
firstly 's french/german/spanish/italian course - many languages quite obscure,2
lessons simple friendly even absolute beginners language offer,2
daily reminders subtle spirit competition evoke leaderbaord goals checkpoints great job help learn,2
've use far excellent repetition memories word well,2
n't start teach alphabet verb tense reach speak similarly would teach child,2
authentic pronunciation buy authentic speakers enhance ability learn,2
plus 's free fun way learn,2
pp great children adults alike,2
best part pp regularly update,2
love pp give experience hear translate write speak language study,2
ways immerse language yet also direction support,2
let hear read speak language different format never get bore get friends start competition along leaderboards already set,2
lessons n't hours long make much easier learn practice,2
2. relentless repetition word make remember write pronounce word phrase easy,2
interactive pace great,2
easy use good pace repetition learn,2
fashion like game,2
pp incredibly helpful beginners like,2
help learn grammar need move advance,2
repetition phrase exercise really helpful retain information rather learn new word phrase move,2
make start learn language easier methods 've try,2
structurally programme course make learn basis language take 15 minutes daily routine,2
like reminder feature gain point work,2
pp help learn language describe addictively fun,2
great pp design degree make start new language challenge,2
positive encouragement really rather adjective give boost learn,2
easy use make target time set go quickly always double amount,2
's actually free invite friends pp get week domingo free,2
love love pp 's fun easy use,2
'm 50 years old could believe fun 'm learn new language,2
find domingo fun simple way learn,2
appreciate easy use interface work pace,2
free n't bother,2
like n't overwhelm,2
extremely fun adjective way learn new language,2
really like 'ca n't speak 'ca n't hear button,2
amaze pp days give learn italian 3 years class learn spanish french combine leader board also encourage keep learn free,2
exactly say,2
never surprise trap time,2
update love new stories tax soon cool keep ‘ of ‘ ,2
interactive long care learn think anything else come maintain track,2
plus learn read speak write language without feel overload,2
make learn languages fun,2
repetition make easier learn new phrase remember,2
easy use great repetition aid memorization,2
lot fun,2
also like ability give feedback make comment ask question different exercise,2
absolutely love pp many languages choose great challenge keep motivate,2
's amaze fun way learn language,2
love reminders,2
fun effective learn like child,2
pp improve much since last time get oddly admit good thing really drill language 're learn head,2
pp many fun level really make learn fun,2
definitely great way learn new language kiss adults,2
read stories kiss love,2
go pace ability,2
also like league table help drive competitive spirit,2
great practice stories lot fun,2
entertain competitive order better experience learn new languages,2
like teach tip stories,2
pp great learn grammar,2
goals keep motivate compete others learn,2
fun,2
though repetition get bite bore way master language basis ... like baby,2
add contain disruption,2
domingo make learn languages fun simple,2
require concentration much n't feel like study use,2
's great pp study different languages fun way,2
's great way make learn fun,2
yes 're annoy,2
plus 's enjoyable use keep motivate keep go far problems,2
fact pp free easy use pose remarkable quality content simply unbelievable,2
plethoric languages ability practice whenever want fingertips,2
amaze pp great beginners advance opinion,2
perfect new language wee bite experience,2
new update gun add story practice exercise pp ( favorite ) get even awesome excite fun interest provide great load cool learn stuff,2
feel like 'm play game go day look world around realize much 've learn,2
excellent ratify learn spanish,2
want top leader board 's great incentive practice,2
lessons easy build know help review get wrong,2
interest challenge time,2
's fun 's plenty repetition n't lose heart n't get stick,2
often find comment helpful,2
fun way go school,2
go pace competitive group,2
love stories,2
learn entertain time,2
find pp fun look forward next lesson,2
reinforce things cover already introduce new content,2
's amaze pp want learn language begin lot review say pace slow someone level knowledge language extremely good pace,2
fun learn italian,2
love pp occasionally take back previously learn phrase keep engage,2
super fun use,2
really make learn new language fun,2
many languages many exercise,2
actually stay commit learn language pp,2
game one best educational game 've use,2
like ape bear loud add,2
learn process fun easy,2
like fact 's like game,2
pressure learn pace,2
fantastic pp let learn much want free n't overwhelm,2
modifications help keep track first lessons intuition beginner friendly,2
'm learn organ way reach everything strategy review awesome really plant head,2
allow learn pace take consideration life n't give us standardize time study,2
also allow question answer others domingo community great helpful feedback,2
pp easy use free version full functionality ( ad base ),2
like put `` know '' really help people like think rate 5 star,2
like able listen sentence understand,2
also nice able speak shine pp tell say correctly,2
find domingo easy use never issue pp work correctly,2
accessible easy learn well enjoyable,2
quick lessons game like nature short time 'm start see connections term daily life,2
like fact big stories phone,2
really fun almost like give get learn something play,2
'm enjoy application learn time,2
also enjoy amaze feature free hop someday afford plus version,2
straight forward easy use,2
repetition practice various form help retention,2
great practice listen speak,2
use free version almost reinforce vocal memorization otherwise 're limit heart count,2
fun easy start lessons move good pace,2
's like video game run hearts practice get,2
much fun learn new language n't feel like 'm study highly recommend want learn new language pace,2
absolutely amaze fun learn,2
best pp learn fast soft language push goals,2
learn language pace choose language take multiple language time,2
plus n't hurt 's free,2
n't irritate help maintain amaze pp,2
tons languages community-driven teach engage way,2
free non-disruption minor pay content,2
things make sense unless domingo provide,2
pay n't take lot space time learn improve languages,2
even easy watch,2
really love pp since free learn spanish,2
fun,2
insanely helpful invasion push plus membership,2
easy use motivation encourage,2
really fun way learn language,2
repetition vocabulary grammar actually stick head,2
amaze pp learn language free also help free education,2
pretty fun actually,2
keep involve language 're learn without completely overbear,2
free version non annoy 've already learn way spanish,2
fun read lame book,2
competitive make want learn,2
pp adjective fun far tell accurate,2
closable moment,2
events great way meet earners,2
repetition seem easy gradually speak new stuff n't even realize 're learn,2
also love learn clinton high valyrian,2
n't bad,2
love fact run live practice get instead wait,2
make learn language fun easy,2
especially love speak option learn speak correctly,2
challenge perfect learn language quickly,2
good helpful beginners e experience,2
funny useful pp learn language friends alone,2
ratification aspects work really well,2
super fun intuition,2
pp super good practice language everyday keep motivate,2
first kind fun ( like much ) since stories amaze,2
pp considerably improve since porter lesson tip recently `` stories '' feature webster version,2
hardly add many great fun ways learn speak many languages,2
pp encourage see progress grateful,2
really good pp learn languages variety languages choose whatever language want learn 's probably pp of˜ƒ,2
minimal content great,2
get even better addition short stories interest make learn fun,2
'm glad start test people take spanish school n't much,2
instructions easy follow lessons examples reminders keep track,2
love reminders keep,2
completely free,2
duolinguo 's possible learn five minutes day busy practice later relax,2
great learn curve tough start remind practice forget,2
unlike program one label grammar vocabulary make feel free learn,2
especially love stories recently get unlock pp,2
support excellent question answer quickly real human,2
new story mode really great immerse real conversations practice spanish comprehension ‘ ,2
interactive,2
one learn write read pronunciation,2
easily use free keep excite learn every single day,2
easy follow step-by-step learn break section build previous lessons,2
completely free n't intrusion use try learn japanese hiragana,2
make learn basis ( ) language well 's also easy use,2
one better ape learn language repetition absolutely key able re-teach learn new motto graze domingo,2
educational easily reach understand language proper pronunciation,2
bite-size lesson format great squeeze spare moments,2
's engage cut even 6 8 year old children want download onto tablets,2
's do fun way achievements also competitive aspect,2
absolutely love stories add 's fantastic way help listen comprehension,2
's also really fun make want come back,2
recommend age group,2
.are 's learn feel like game,2
excellent pp love variety languages quality content,2
easy build vocabulary mix speak write listen effective,2
excellent pp good range motivation twist keep practice ... ever tempt whine remember still free,2
love program much teach read say word emphasize pronunciation well,2
add picture word association absolutely top layer sprinkle one need learn effectively,2
pp excellent addition desktop application allow study continue home,2
way program structure reach think new language instead translate,2
good enjoy already watch word picture help memories,2
rather rouse write exam actually help develop basic intuition conversations -- us really want,2
'm enjoy first lesson hear way things sound see picture correspond action well feminine masculine versions word sound work,2
like rat verbal pronunciation gauge need work,2
super easy use interactive love encourage practice speak language learn read recognize phrase word/characters,2
first lesson enough give feel language work show unique method make uncover answer instead tell memories,2
seem easy design pick throughout day help language acquisition actually work brain,2
like natural like child would learn,2
love practice lesson far,2
inaccessibility awesome,2
love teach fun time,2
clearly lot research use meticulously craft course,2
love mix challenge plural masculine feminine voice,2
roseola reinforce 've learn introduce additional vocabulary grammar help learn think new language without mentally translate,2
like best exercise seem conversational expect natural response,2
pp make think build learn experience way throw right experience language,2
pp tell word mean use picture challenge break sentence,2
first seem way challenge surprise ask describe picture first time say full sentence japanese,2
really install feel accomplishment,2
closest thing classroom get,2
've try domingo free roseola stone test pronunciation much accurately introduce new word build exist phrase 've learn much realistic immersion way learn learn individual word isolation phrase,2
learn vocabulary intuition way roseola stone much better program,2
absolutely amaze entertain must want learn new language quickly enjoyable,2
test thing multiple time make sure say hear read,2
design teach way would learn child language,2
intermediate language require,2
like teach small part bring together,2
natural way learn,2
feel force,2
think 's great way learn word picture child like learn something look,2
great word learn pronounce,2
intuition freak understand almost without try,2
application make sure pronounce word correctly,2
interactive,2
easy navigable learn quick associations,2
great way learn understand language use picture sound audit even record voice let nail pronunciation,2
invaluable someone learn language without teacher subtly reach languages rule reach correct pronunciation difficult word,2
english translation instead picture spanish word,2
really like voice interaction,2
good speech recognition,2
like pp easily lean picture,2
useful pp lot repetition,2
love get prompt remind study,2
love roseola stone much get amaze graphics amaze learn course,2
facility listen repeat french extremely useful,2
get repetition help good free pp,2
easy navigable,2
really like use photo translations,2
think really good people want learn free good n't need buy anything use basis,2
also n't waste much time hello goodby start include basic grammar early,2
's great tool allow learn pace wherever may,2
's fairly easy use lesson plan come set time frame typically short sweet,2
dont worry dont know phrase mean hold phrase picture press see translation 's easy,2
different categories choose kinds words/phrases want learn,2
way division head instead translate first,2
attach sound image ideas english word,2
test pronunciation,2
absolutely love speech communication breakdown technology visual association,2
lesson break help improve pronunciation build confidence speak perfect tone patience,2
system really effective allow mind associate word image english translations,2
prevent get catch try think want say english translate instead allow think language directly,2
even stories read without premium version,2
one best pp learn german especially one without previous knowledge ( ),2
love able learn pace phone,2
'm language teacher really approve concept full immersion,2
emphasis picture learn repetition make easy fun,2
like fact pick leave home,2
like image along vocabulary,2
way pp listen pronunciation helpful well,2
believe dynamic visual audit aid top accent assistance make thus great learn tool,2
great kiss,2
similar puzzle,2
make really easy learn language go step build last lesson make easier retain days lesson,2
complete section 1. picture help 's pronunciation assistance easy follow,2
great interface easy learn immersion teach tell 'll client spanish months,2
think n't understand word couple minutes 're use sentence 've always know,2
total immersion awesome excellent way learn language keep good work,2
constantly progress lot opportunities review already learn,2
love love love pp â¤ï¸ allow learn easily auditory learn interactive visual well someone aspergers among disorder relieve,2
fun & easy get less 100 % lesson tell try 100 % of˜… could go next lesson oh goodness ... age use able,2
easy use smart phone convenient moments spain hour,2
definitely money well spend,2
love reach language way learn first language show translate,2
get understand without translate e word head,2
engage way learn grammar pronunciation,2
good clearly break pronunciation help greatly,2
love break things help learn better languages hate buy free,2
mean detail come teach pronunciation arabic,2
picture method amazingly helpful compare years write memorization,2
fact 's amaze language teacher gun user-friendly,2
good variety keep learn fun plenty reinforcement good memory,2
seem like play game instead,2
great program repeat everything learn repetition,2
good amount repetition,2
good get start,2
definitely worth upgrade desktop version,2
immersion best learn next best thing ...,2
excellent teach word audit visual representation,2
photo make lot easier enjoyable learn,2
unbelievably easy ... challenge joy time ( far ),2
love fact record make sure pronounce word correctly,2
love speech recognition,2
help picture instead word learn great learn least 2 languages two weeks great,2
super fun practical way learn go even pop,2
free version,2
learn basis really fast good pp,2
others translate learn,2
pp great kiss learn languages great help,2
great pronunciation integrate learn,2
far good useful reach multiple medium edit months later pp gift joy life,2
awesome learn experience ..i really enjoy learn roseola stone interactive teach much fun..,2
wait finish core program able play game,2
love learn pace,2
obtainable,2
start lessons really enjoy pace learn,2
effective way learn pronunciation,2
wonderful educational-no incentive buy products,2
great pp practice pronunciation,2
easy use make learn fun,2
interactive easy use,2
user friendly educational,2
like fact different lessons grammar listen read etc lot repetition,2
feel like game 're learn,2
great intuition easy follow,2
far good ... love pronunciation practice,2
never know learn language would fun exciting.. challenge yet worth,2
great pp practice go,2
really intuition use,2
get chance retro lessons perfect score & go pace,2
actually speak n't get mark spell,2
pp start learn grammar vocabulary lesson 1,2
visit roseola stone - ) enjoy able lessons smartphone,2
make learn language fun,2
great visual way learn,2
good lessons interactions,2
way learn 're baby learn first language,2
satisfaction language retention guarantee,2
