duolingo,some languages are designed well - japanese.,2
duolingo,"learning chinese, i enjoy the incremental vocabulary and systematic sentences.",2
duolingo,this pp works fine without having the adds removed.,2
duolingo,"the more they update, it just makes it feel like some kind of game to be plowed through.",2
duolingo,it's easy to pick up and work on in short bursts.,2
duolingo,domingo has come a long way and is a very fun to use pp for learning.,2
duolingo,in french the lessons build slowly and helpful hints.,2
duolingo,"i love the brother version of domingo, and i use it all the time.",2
duolingo,once i got going wasn't hard to figure out how to gain more live.,2
duolingo,"good, fun learning format.",2
duolingo,"i have only been using the pp for a couple days but i'm enjoying how it repeats lessons in fun and different ways, i don't like the adds on the free version but at this point i will put up with them until i decide otherwise.",2
duolingo,the leagues make it a bit more competitive and motivation if you need it and the comments system allows you to learn from others as well.,2
duolingo,"i think that the home screen with lessons is clear, and it is easy to switch between language courses.",2
duolingo,"its built to teach both beginners and pro, and its smart to let the learner reply lessons that they previously completed.",2
duolingo,what's really good about this pp is the fact that it's free.,2
duolingo,"very helpful to hear and see at same time, fast and slow speed .",2
duolingo,the use of hiragana while learning words makes the characters stick well.,2
duolingo,"covers reading, hearing, writing, speaking, translating from and to.",2
duolingo,"it's a powerful learning tool for sure, and the interface is intuition and well thought out.",2
duolingo,very good pp for basic learning.,2
duolingo,no boring lessons.,2
duolingo,the new garlic course is well written and well thought out.,2
duolingo,"it is a great pp, especially if you want to practice vocabulary.",2
duolingo,"fun and quite adjective, which makes you want to keep using it.",2
duolingo,lessons are quick and the as aren't terrible - just one at the end of each lesson.,2
duolingo,"the pp is great, especially if you are learning from scratch, but there are one or two little singles that i found difficult to get past.",2
duolingo,"having a fun time learning polish with this pp, its ad driven for revenue but the as are not in your face all the time which is nice, the learning format is fun and the progression is gentle.",2
duolingo,love the incentive.,2
duolingo,i signed up for the free trial and its a lot better.,2
duolingo,this is a very good pp for learning different languages.,2
duolingo,"excellent way to learn with listening, writing, and speaking a new language !",2
duolingo,great variety of languages.,2
duolingo,definitely a great learning tool and it plays like a game so it caps into the reward centers of the brain and keeps you coming back.,2
duolingo,the syllabus is the best i've experienced with any language learning application i've tried.,2
duolingo,you should supplement with outside sources to learn how natives actually speak.,2
duolingo,editing my review because after updated i have seen great improvement with the pp.,2
duolingo,i'm using a free version and it's pretty good considering it's free.,2
duolingo,a great starting learning tool if you lack the proper time or schedule to take classes.,2
duolingo,pretty good for learning vocabulary.,2
duolingo,doesn't use that much data or space (unless you have plus and download courses).,2
duolingo,it's great for a free pp and tries really hard to keep you motivate.,2
duolingo,the free version comes with adds but they aren't too long and come at the end of the lessons rather that interrupting anything.,2
duolingo,you can choose from a wide variety of languages to learn and the lessons are entertaining and challenging enough to keep you committed.,2
duolingo,"very good for learning with much pictures, and it brings me lots of fun!",2
duolingo,it is a blessing that it is free.,2
duolingo,the as are few and not too annoying.,2
duolingo,"it reaches you a language, for fun, for free.",2
duolingo,"it offers a 7-day free trial for there upgrade to plus, and you can even compete on a leader board.",2
duolingo,their points system keeps me motivate to keep learning!,2
duolingo,i'm learning japanese and they integrate anti fearlessly into the lessons.,2
duolingo,i love that it gives me daily accountability and that i can do a little or a lot on any given day.,2
duolingo,pro: positive self-paced language pp that does a great job.,2
duolingo,even the as are not overwhelming and horrible.,2
duolingo,but in option there are many languages.,2
duolingo,"helps you to learn to not only speak, but also properly pronounce the words also which is important.",2
duolingo,categorizing the essentials seems to be very good.,2
duolingo,very few stitches and the voices are clear most of the time.,2
duolingo,i'm thrilled that there is a free pp for learning a language with such a smooth interface.,2
duolingo,"best if used as a supplement to a bigger, more flushed out course.",2
duolingo,"it's almost like playing a game, but i'm learning a language!",2
duolingo,the paid version does offer a little more in terms of ease of use compared with the premium and helps to support a community of earners.,2
duolingo,domingo is great to use if you are an aid traveler.,2
duolingo,i like the easy set up and daily reminders.,2
duolingo,"i like domingo because it makes you speak, read, and type your answers.",2
duolingo,it also creates friendly competition to advance.,2
duolingo,great pp for learning various languages.,2
duolingo,occasionally frustration but i find the comments section usually explains any quires or stitches in the system.,2
duolingo,"great for practicing a language that you're somewhat rusty on, but not that good for learning a new language from scratch.",2
duolingo,"a bit slow, but aggressive in its reminders (which is exactly what i need in the busy times).",2
duolingo,"the gazing mechanics keeps you coming back for more, it's fun to compete on the leaderboards and in a couple of months you'll start to understand and maybe even basically speak another language!",2
duolingo,making fun out of learning through ratification.,2
duolingo,wonderful use of visual and audit clues.,2
duolingo,does a great job keeping you engaged and interested and it really works.,2
duolingo,each lesson has tips which are useful.,2
duolingo,it is an easy way to learn a language & you move up or down in leagues pitted against each other.,2
duolingo,fun.,2
duolingo,fun.,2
duolingo,fun.,2
duolingo,learning is broke up in different categories and uses repetition and adding the old stuff into the new stuff to remember the words.,2
duolingo,"and i also appreciate the pp being free, along with all the languages and lessons!",2
duolingo,and there aren't many as either!,2
duolingo,"it is engaging, fun and effective.",2
duolingo,the repetition is very helpful for retaining new vocabulary and hearing the sentences is great for learning pronunciation.,2
duolingo,interactive.,2
duolingo,it has as but at a minimal but you don't have to watch them so its not bothering you.,2
duolingo,fun.,2
duolingo,fun.,2
duolingo,fun.,2
duolingo,interactive.,2
duolingo,"was expecting something that gave u the basis them u had to pay to go on, so happy this isn't the case!",2
duolingo,it unlocked new material as u go on so i don't feel overwhelmed with words but a fast enough teaching pace to develop with.,2
duolingo,i am really enjoying the ratified experience domingo brings to learning a new language.,2
duolingo,i appreciate that it has the listening and speaking parts so strongly integrated into the lessons.,2
duolingo,i'm impressed that it can hear me speaking even in noisy situations.,2
duolingo,easy to use.,2
duolingo,easy to use.,2
duolingo,fun.,2
duolingo,fun.,2
duolingo,fun.,2
duolingo,fun.,2
duolingo,fun.,2
duolingo,fun.,2
duolingo,makes learning languages fun,2
duolingo,"repetition, which really helps you remember!",2
duolingo,"you can set reminders so you don't forget as well as lose your spot on the leaderboard, where you can compete with the amount of up you have with others.",2
duolingo,"the pp if free and there are minimal as, so dont worry about paying for anything.",2
duolingo,fun.,2
duolingo,fun.,2
duolingo,fun.,2
duolingo,fun.,2
duolingo,fun.,2
duolingo,fun.,2
duolingo,easy to use.,2
duolingo,fun and easy to use.,2
duolingo,easy to use.,2
duolingo,"domingo is a great pp because there are so many languages to learn and you can learn more than one at a time, it also covers all the areas of the language.",2
duolingo,"when learning the language you do everything - by this i mean you match up words, you pick the right words/phrases, you speak words and you also type after a few lessons.",2
duolingo,i personally also really like the little moscow when he pips up and says something inspiration (this function is optional on settings) and the fact you have hearts.,2
duolingo,the voice recording are wonderfully clear with a speed up /slow down option.,2
duolingo,"i'll get myself to a higher level before paying for further option, and appreciate being given the space to make this choice further along.",2
duolingo,domingo is awesome because it can be used in very small chinks.,2
duolingo,"no long courses, or video or other long time commitment.",2
duolingo,you don't just read or listen or watch... you do all the forms of communication you encounter in the real world (including speaking to the pp).,2
duolingo,quick and friendly.,2
duolingo,"even minor progress is noted in a fun, ratified way so your daily experience is a step forward.",2
duolingo,the pp reminds you every day to continue your streak and it runs well when you use it.,2
duolingo,easy to use.,2
duolingo,fun and easy to use.,2
duolingo,easy to use.,2
duolingo,as are non-intrusion and don't hinder the pp itself at all.,2
duolingo,easy to navigable,2
duolingo,"there isn't pressure for how much you do in a day, you set that and can learn at your own pace.",2
duolingo,"extremely reliable, short infrequent as, and highly rewarding.",2
duolingo,fun.,2
duolingo,fun.,2
duolingo,fun.,2
duolingo,fun.,2
duolingo,fun.,2
duolingo,fun.,2
duolingo,"even the as aren't too bad since there aren't that many and when i do get as, they're only about 5 seas.",2
duolingo,easy to use.,2
duolingo,easy to use.,2
duolingo,there is also a little bit of the competitiveness.,2
duolingo,nothing like trying to stay on the top of the leaderboard and learning at the same time.,2
duolingo,it is even helping me with conjunction and grammar a huge hardly for me in learning spanish.,2
duolingo,they have also added a stories section in the pp so helpful!,2
duolingo,i can learn at the pace i choose and not be gathered by the speed chosen by a teacher.,2
duolingo,fun.,2
duolingo,fun.,2
duolingo,fun.,2
duolingo,easy to use.,2
duolingo,fun and easy to use.,2
duolingo,easy to use.,2
duolingo,makes you genuinely interested in the language you are trying to learn.,2
duolingo,easy to use.,2
duolingo,easy to use.,2
duolingo,"the repetition nature of the way to learn from english to spanish and vice versa is very good, with the audit in spanish to learn the correct pronunciation invaluable.",2
duolingo,fun.,2
duolingo,fun.,2
duolingo,fun.,2
duolingo,fun.,2
duolingo,fun.,2
duolingo,fun.,2
duolingo,"if you make a mistake in sentence structure, they show you how to correct it.",2
duolingo,i also like this new story feature.,2
duolingo,it gets u addicted and the leader board gives u motivation.,2
duolingo,pretty intuition.,2
duolingo,makes learning languages fun,2
duolingo,"really helpful, and there's leaderboards to keep things competitive.",2
duolingo,the as are minimal and only serve the purpose of funding the pp.,2
duolingo,"domingo is not a formal systematic, highly organized language course but because it is interactive it is satisfying and fun, like doing an eternal puzzle.",2
duolingo,easy to use.,2
duolingo,easy to use.,2
duolingo,easy to navigable,2
duolingo,its great to be free.,2
duolingo,"it's also fun, and needs the reward centers throughout the learning process really well.",2
duolingo,it has many different skill to learn and has handy motivation messages every so often.,2
duolingo,fun.,2
duolingo,fun.,2
duolingo,fun.,2
duolingo,self paced lessons are great and can do whenever convenient.,2
duolingo,the q &a button for clarification from do & other users is helpful.,2
duolingo,recommend for all stages for learning,2
duolingo,but it's free with a few as that aren't bothersome so all's good.,2
duolingo,"its fun, interactive it identified weak points and helps you strengthen them... i've got my daughter on it to help her with her spanish i honestly couldn't recommend it more!",2
duolingo,yes there are as but they're not intrusion and you can skin easily... i'm tempted to subscribe its just that good,2
duolingo,"great pp, that makes learning languages fun and easy.",2
duolingo,makes learning languages fun,2
duolingo,the pp actually is very fun and rewarding!,2
duolingo,very consistent and actually very easy to work with.,2
duolingo,also offers a massive range of languages including latin and clinton!,2
duolingo,easy to use.,2
duolingo,easy to use.,2
duolingo,so fun and easy to learn.,2
duolingo,fun.,2
duolingo,fun.,2
duolingo,fun.,2
duolingo,"it really helps me with school and is not inappropriate at all, me and my parents really recommend this pp for school and other occasions.",2
duolingo,lessons are short or as long as you like and broken into small chinks so you are not overwhelmed.,2
duolingo,best part is its free with little actual interruption or heavy pushing you on their premium service.,2
duolingo,fun.,2
duolingo,fun.,2
duolingo,fun.,2
duolingo,fun.,2
duolingo,fun.,2
duolingo,fun.,2
duolingo,fun.,2
duolingo,fun.,2
duolingo,fun.,2
duolingo,there are as but that's completely fine considering the experience they provide.,2
duolingo,"great pp, free to use but you only get a limited amount of use per day but you can upgrade to unlimited for a small monthly fee, which is well worth the cost as you won't want to put it down.",2
duolingo,it makes learning fun!,2
duolingo,and this company ensures that education is available to all with its free version!,2
duolingo,easy to use.,2
duolingo,never boring and it is free .my spanish is coming on great i am 59 and love the pp.,2
duolingo,recommended for all ages and abilities,2
duolingo,fun.,2
duolingo,fun.,2
duolingo,fun.,2
duolingo,easy to use.,2
duolingo,it has made learning a different language easy and motivation.,2
duolingo,the way the lessons are set up really help you to retain the information.,2
duolingo,fun.,2
duolingo,fun.,2
duolingo,fun.,2
duolingo,i like the way it shows the hiragana for the word.,2
duolingo,fun.,2
duolingo,fun.,2
duolingo,fun.,2
duolingo,this pp gives great repetition words that help you memories them.,2
duolingo,in ways it is better than studying in a class because of the repetition and the way they have you go over what you have been taught.,2
duolingo,easy to set up and get started.,2
duolingo,"fun, game-like learning structure.",2
duolingo,unobtrusive as.,2
duolingo,would recommend to language earners of any age.,2
duolingo,practicing with a lot of repetition is really helping.,2
duolingo,"it makes you work on vocabulary and grammar, listening, reading.",2
duolingo,and it s fun.,2
duolingo,fun.,2
duolingo,fun.,2
duolingo,fun.,2
duolingo,"easy, information, fun and free.",2
duolingo,added detail about grammar and into such as how to ask for tap water vs sparkling water when traveling is a great addition.,2
duolingo,this is a very interactive pp.,2
duolingo,with lots of languages to learn.,2
duolingo,"you get to speak, translate english to the language of choice learning and vise versa.",2
duolingo,i'm actually retaining the language and it's not boring so maintaining the lessons isn't a drag.,2
duolingo,learn as fast or slow as you need.,2
duolingo,absolutely free and the as aren't annoying at all.,2
duolingo,easy to use.,2
duolingo,easy to use.,2
duolingo,easy to use.,2
duolingo,easy to use.,2
duolingo,fun.,2
duolingo,fun.,2
duolingo,fun.,2
duolingo,i also like that i can listen to their podcasts on specify to practice spanish on my drive to work.,2
duolingo,they give you a lot of ways to help you learn the language at your own pace and things like leaderboards and streaks to keep you interested and learning.,2
duolingo,easy to use.,2
duolingo,easy to use.,2
duolingo,easy to use.,2
duolingo,easy to use.,2
duolingo,"excellent straightforward learning, broken down into easy steps and short lessons so you can do as little or as much as you like.",2
duolingo,fun.,2
duolingo,fun.,2
duolingo,fun.,2
duolingo,it is also amazing because if you don't get a question it will keep coming back until you get it.,2
duolingo,fun.,2
duolingo,fun.,2
duolingo,fun.,2
duolingo,"i love everything you get from do, the content is thorough and i like how it's structures, a great and fun support when learning a language.",2
duolingo,"i love the ease of use, the repetition doesn't seem boring.",2
duolingo,"the lessons are just long enough that you actually learn, but not so long that you get bored!",2
duolingo,all round excellent experience- just wish they had a finnish course..,2
duolingo,fun.,2
duolingo,fun.,2
duolingo,fun.,2
duolingo,fun.,2
duolingo,fun.,2
duolingo,fun.,2
duolingo,"nice friendly interface, and very encouraging and easy to use every day",2
duolingo,fun.,2
duolingo,fun.,2
duolingo,fun.,2
duolingo,fun.,2
duolingo,fun.,2
duolingo,fun.,2
duolingo,really user friendly.,2
duolingo,easy to get in 5 -15 minutes a day,2
duolingo,"you earn rewards and are motivate to return to continue your daily ""streaks"".",2
duolingo,this fun atmosphere in the pp keeps me coming back.,2
duolingo,it takes a lot of repetition but that is the best way to remember new words.,2
duolingo,easy pace.,2
duolingo,can increase pace if wanted.,2
duolingo,really easy to use and it feels more like a game rather than lessons.,2
duolingo,fun way to learn a new language.,2
duolingo,lots of repetition really helps solidity the learning of words.,2
duolingo,they make it fun and game like so for me it's an excellent learning tool.,2
duolingo,"i mean come on, they even have clinton!",2
duolingo,it is the best one i have found and i love the way the league makes you want to learn more to get up.,2
duolingo,"the lessons are quite fun, and don't feel like just a big chose.",2
duolingo,fun.,2
duolingo,fun.,2
duolingo,fun.,2
duolingo,the podcast is great as well,2
duolingo,fun.,2
duolingo,fun.,2
duolingo,fun.,2
duolingo,(and the as are actually interesting),2
duolingo,easy to use.,2
duolingo,easy to use.,2
duolingo,really easy too navigable and use.,2
duolingo,encouraging.,2
duolingo,fun.,2
duolingo,fun.,2
duolingo,fun.,2
duolingo,has a wonderful way of teaching so that you can learn through different methods and senses.,2
duolingo,as are almost nonexistent and are all nondisruptive.,2
duolingo,i especially love the tips.,2
duolingo,learning a languages has never been that much fun.. learning through answering questions like a game is really an effective methodology..,2
duolingo,fun.,2
duolingo,fun.,2
duolingo,fun.,2
duolingo,"this pp makes learning languages easy and fun.it is also easy and convenient to pick up and use, doesn't take up much space on your device and encourages you to use it every day.",2
duolingo,fun.,2
duolingo,fun.,2
duolingo,fun.,2
duolingo,"it,'s free and better then what i expected.",2
duolingo,fun.,2
duolingo,fun.,2
duolingo,fun.,2
duolingo,fun.,2
duolingo,fun.,2
duolingo,fun.,2
duolingo,"i recommend this pp to everyone, and even young children can use this.",2
duolingo,using this pp is very easy and the exercises are great to improve language skill.,2
duolingo,easy to use.,2
duolingo,fun and easy to use.,2
duolingo,easy to use.,2
duolingo,it gives enfants on repeating what we are learning and that is very good to fix it in memory.,2
duolingo,fun.,2
duolingo,fun.,2
duolingo,fun.,2
duolingo,makes learning into a game and less of a chose.,2
duolingo,"domingo is super admitting, and fun to use.",2
duolingo,fun.,2
duolingo,fun.,2
duolingo,fun.,2
duolingo,interactive and fun,2
duolingo,"first, the program structure allows for several repetition of a new material and that helps in memorizing.",2
duolingo,the second aspect is a concept of leagues where one can view a progress and compare that progress with others in the same league.,2
duolingo,easy to navigable,2
duolingo,interactive.,2
duolingo,it also gives you reminders so you don't forget.,2
duolingo,the practice sections are really helpful to review your learning.,2
duolingo,the discussions explain the why if you get it wrong so you can make sense of the irregulars.,2
duolingo,easy to navigable,2
duolingo,"domingo is a very intuition, user friendly and fun to use.",2
duolingo,all fall short when compared to that unique fun and game experience it brings to the table.,2
duolingo,"good number of languages available, for now i have been going for german, spanish and chinese.",2
duolingo,best of all it's free.,2
duolingo,fun.,2
duolingo,fun.,2
duolingo,fun.,2
duolingo,"they now have stories to practice reading, it's good for building vocabulary, the system they have makes it fun.",2
duolingo,fun.,2
duolingo,fun.,2
duolingo,fun.,2
duolingo,the progress report gives just enough incentive to make sure i log in every day to complete a couple lessons.,2
duolingo,fun.,2
duolingo,fun.,2
duolingo,fun.,2
duolingo,"it's really effective and efficient, the pp takes time to make sure you grasp concepts,spelling , pronunciation and accent of whatever language you decide to learn.",2
duolingo,easy to use for every age range.,2
duolingo,interactive.,2
duolingo,fun.,2
duolingo,fun.,2
duolingo,fun.,2
duolingo,"but i just did my first story today, and absolutely loved it.",2
duolingo,easy to play and retain what you learn in a natural and interactive format.,2
duolingo,easy to use.,2
duolingo,fun and easy to use.,2
duolingo,easy to use.,2
duolingo,its a great pp and i love that its free and comes with a listen along podcast (at least for french and spanish language) one thing that would be helpful if provided by the creator would be a list of reading material appropriate for the level of learning the user is at.,2
duolingo,its simple to wander through and very flexible.,2
duolingo,it's also fun to interact with because of it's platforms.,2
duolingo,"speaking, writing, interpreting from english to spanish or spanish to english, it all makes learning fun and quick and the pp gives us goals to set as well so it's like having a personal tutor at the tip of my fingers!",2
duolingo,i'm so glad that japanese is added i've been wanting to learn that language for a long time.,2
duolingo,fun.,2
duolingo,fun.,2
duolingo,fun.,2
duolingo,fun.,2
duolingo,fun.,2
duolingo,fun.,2
duolingo,the banking system gives the competitive feel and keeps the interest going.,2
duolingo,up: i like the new update where i can now see my 'cracked eggs'.,2
duolingo,excellent liability.,2
duolingo,"the exercises, scores and rewards are strategic and motivation.",2
duolingo,the only pp that i've actually managed to use daily.,2
duolingo,it's super easy to get into and is actually quite fun to learn with this pp.,2
duolingo,"with the daily reminders and the customizable daily goals, it is super easy to keep going.",2
duolingo,"also, with the addition of stories in the spanish lessons i've been learning much quicker!",2
duolingo,"you can learn key phrases, practice speaking them, listen to podcasts, the features are pretty deep for a learning pp.",2
duolingo,fun.,2
duolingo,fun.,2
duolingo,fun.,2
duolingo,"it is a very straightforward language learn pp and doesn't seek to completely ""ramify"" the experience but it still manages to keep my interest and motivate me to keep learning, practicing, and progressing.",2
duolingo,plus i feel oddly encouraged when the little owl pips out and says nice things.,2
duolingo,fun.,2
duolingo,fun.,2
duolingo,fun.,2
duolingo,it is great using domingo on andros and computer and it can help you learn a language free no matter you are a beginner or not.,2
duolingo,there are many languages to learn and i really suggest clinking on tips to learn deeper.,2
duolingo,easy to use.,2
duolingo,easy to use.,2
duolingo,"fantastic way to learn another language i have had a really hard time in other classes and programs learning spanish, but this is actually enjoyable and game like that it makes it easy to learn, it's also really repetition to where the farther you get in you feel like you naturally know the words, and it's legitimate free where you're not wrapped into not exceeding without upbraiding.",2
duolingo,excellent interface.,2
duolingo,well paced lessons.,2
duolingo,steady pace which suits me.,2
duolingo,clever use of learned words.,2
duolingo,fun.,2
duolingo,fun.,2
duolingo,fun.,2
duolingo,the graphics and voices are pleasant.,2
duolingo,there are just enough game-like features to motivate extra study.,2
duolingo,"watching video as is optional, and ears gems you can spend in the game.",2
duolingo,fun.,2
duolingo,fun.,2
duolingo,fun.,2
duolingo,fun.,2
duolingo,fun.,2
duolingo,fun.,2
duolingo,this is a delightful pp that build up my language skill in a fun way.,2
duolingo,"today i discovered the story section on the webster, which is lots of fun now that i've learned quite a bit of vocal.",2
duolingo,fun.,2
duolingo,fun.,2
duolingo,fun.,2
duolingo,easy to use.,2
duolingo,fun and easy to use.,2
duolingo,easy to use.,2
duolingo,easy to navigable,2
duolingo,"play with a benefit, learn in an easy, fun way.",2
duolingo,"like that it provides exercise with different language skill, including not only vocal exercise, but also listening and speaking practice.",2
duolingo,like that it even has speaking practice with a voice detection function to see if the pronunciation are correct.,2
duolingo,makes learning languages fun,2
duolingo,as adjective as a game.,2
duolingo,easy to use.,2
duolingo,easy to use.,2
duolingo,encouraging.,2
duolingo,really like the restore function for completed lessons to ensure you don't leave behind previously learned content.,2
duolingo,this pp has been great at motivation me to learn a new language as well as refresh me on languages i've learned a little.,2
duolingo,the lightbulb takes you to a page that explains the lesson.,2
duolingo,it not got a lot of as and is a fun way of learning.,2
duolingo,great for daily use.,2
duolingo,overall it's still a more fun method of learning than spanish 1 in school or random learn spanish d's.,2
duolingo,"pp is fully free, there are as to support the pp, but it's not intrusion or anything.",2
duolingo,"firstly, it's not just french/german/spanish/italian courses - many more languages, some quite obscure.",2
duolingo,love the stories.,2
duolingo,the lessons are simple and friendly even for absolute beginners for any language it offers.,2
duolingo,"the daily reminders, subtle spirit of competition evoked from the leaderbaord and the goals and checkpoints all do a great job of helping me learn.",2
duolingo,fun.,2
duolingo,fun.,2
duolingo,fun.,2
duolingo,fun.,2
duolingo,fun.,2
duolingo,fun.,2
duolingo,"from what i've used so far its excellent, repetition so that you can memories the words well.",2
duolingo,fun way to learn a new language.,2
duolingo,"i haven't used podcasts yet, but the stories help.",2
duolingo,"it doesn't start off teaching you the alphabet and verb tense, but reaches you how to speak similarly to how you would teach a child.",2
duolingo,and the authentic pronunciation buy authentic speakers enhanced the ability to learn,2
duolingo,plus it's free and a fun way to learn.,2
duolingo,easy to use.,2
duolingo,this pp is great for children and adults alike.,2
duolingo,the best part is that the pp is regularly updated.,2
duolingo,easy to use.,2
duolingo,i've picked up more french in a couple of lessons than i ever thought 9 possiblethe tips before each lesson are very good and i'm actually enjoying learning a language.,2
duolingo,"it's good to see, hear and speak the language all in one pp.",2
duolingo,"love how this pp gives you experience in hearing, translating, writing and speaking the language you are studying.",2
duolingo,you are in some ways immersed in the language and yet there is also direction and support.,2
duolingo,"it lets you hear, read and speak the language in different formats so it never gets boring, get some friends in on it and start a competition along with the leaderboards already set up.",2
duolingo,"so many languages to choose from and the best part, you get to learn on your time.",2
duolingo,the lessons aren't hours long which makes it so much easier to learn and practice.,2
duolingo,2. relentless repetition of the same words make remembering how to write and pronounce words and phrases very easy.,2
duolingo,the leagues keep me competitive.,2
duolingo,its interactive and the pace is great.,2
duolingo,it makes learning languages fun like playing a game.,2
duolingo,makes learning languages fun,2
duolingo,fun.,2
duolingo,fun.,2
duolingo,fun.,2
duolingo,lots of repetition and reinforcement--just what the doctor ordered!,2
duolingo,it is very easy to use and has a good pace and repetition for learning.,2
duolingo,fashioned like a game.,2
duolingo,easy to use.,2
duolingo,easy to use.,2
duolingo,this pp is incredibly helpful for beginners like me.,2
duolingo,it will help you learn all of the grammar that you need to move into advanced.,2
duolingo,"the repetition on phrases in exercises is really helpful to retain the information, rather than just learning a new word or phrase and moving on.",2
duolingo,the up and leaderboard makes the challenge more fun as well.,2
duolingo,it makes starting to learn a language easier than other methods i've tried.,2
duolingo,structurally programme courses and it makes you learn all the basis of a language just by taking 15 minutes in your daily routine.,2
duolingo,i like the reminder feature and how you gain points for working.,2
duolingo,this pp helps me learn a language that i can only describe as addictively fun.,2
duolingo,great pp design to a degree that makes starting a new language no challenge at all.,2
duolingo,fun.,2
duolingo,fun.,2
duolingo,fun.,2
duolingo,fun.,2
duolingo,fun.,2
duolingo,fun.,2
duolingo,the positive encouragement is really rather adjective and gives you a boost while learning .,2
duolingo,it is so easy to use and makes the target time i set for myself go so quickly that i always do double the amount.,2
duolingo,it's actually free and and if you invite friends to the pp you get a week of domingo free!,2
duolingo,easy to navigable,2
duolingo,easy to navigable,2
duolingo,easy to use.,2
duolingo,fun and easy to use.,2
duolingo,"i love love this pp, it's fun and easy to use.",2
duolingo,easy to use.,2
duolingo,makes learning fun and gives reminders to practice.,2
duolingo,"even with a crazy schedule even if i can only use 5 minutes to practice, there's always new words to learn.",2
duolingo,easy to navigable,2
duolingo,i'm 50 years old a could not believe the fun i'm having learning a new language.,2
duolingo,easy to use.,2
duolingo,fun and easy to use.,2
duolingo,easy to use.,2
duolingo,"i need to know spanish for day-to-day things, and i love the wide area of learning (reading, speaking, writing, and listening).",2
duolingo,fun.,2
duolingo,fun.,2
duolingo,fun.,2
duolingo,easy to use.,2
duolingo,easy to use.,2
duolingo,i find domingo to be a fun and simple way to learn.,2
duolingo,"i appreciate the easy to use interface, and that it works at my pace",2
duolingo,love the stories.,2
duolingo,here i can do it for free with a few as here and there that doesn't bother me.,2
duolingo,i like it that it doesn't overwhelm me with into.,2
duolingo,extremely fun and adjective way to learn a new language.,2
duolingo,fun.,2
duolingo,fun.,2
duolingo,fun.,2
duolingo,fun.,2
duolingo,fun.,2
duolingo,fun.,2
duolingo,"easy to use and very very useful , information and it has beautiful i.",2
duolingo,"there aren't very many as, and it reaches you in all different ways!",2
duolingo,and i really like the 'can't speak now' or 'can't hear now' buttons!,2
duolingo,"amazing pp, in just a few days give learned more italian than i did 3 years in a class learning spanish and french combined, the leader board also encourages me to keep up the learning and its all free!",2
duolingo,"pronouncing the words is helping me learn faster and more accurately, the quires help me keep track of my progress and the leagues motivate me to work harder.",2
duolingo,fun.,2
duolingo,fun.,2
duolingo,fun.,2
duolingo,does exactly what it says.,2
duolingo,"the as are never a surprise, a trap or timed.",2
duolingo,fun.,2
duolingo,fun.,2
duolingo,fun.,2
duolingo,interactive and as long as you care about your learning i don t think there is anything else do can come up with to maintain you on track!,2
duolingo,"plus i am learning to read, speak, and write the language all at once without feeling overloaded.",2
duolingo,easy to use.,2
duolingo,makes learning languages fun,2
duolingo,easy to use.,2
duolingo,the repetition makes it easier to learn new phrases and remember them,2
duolingo,"easy to use, great repetition which aids memorization.",2
duolingo,fun.,2
duolingo,fun.,2
duolingo,fun.,2
duolingo,fun.,2
duolingo,fun.,2
duolingo,fun.,2
duolingo,fun.,2
duolingo,and lots of fun.,2
duolingo,fun.,2
duolingo,fun.,2
duolingo,"i also like the ability to give feedback, make comments and ask questions about different exercises.",2
duolingo,"absolutely love this pp, so many languages to choose from and great challenges to keep me motivate",2
duolingo,fun.,2
duolingo,fun.,2
duolingo,fun.,2
duolingo,interactive.,2
duolingo,very interactive.,2
duolingo,it's an amazing fun way to learn a language.,2
duolingo,it's entertaining and you never get bored.,2
duolingo,love the reminders.,2
duolingo,fun and effective learning like a child.,2
duolingo,"this pp has improved so much since the last time i got it, its oddly admitting and that a good thing because it really drills the language you're learning into your head.",2
duolingo,the pp has so many fun levels that really makes learning fun!,2
duolingo,fun.,2
duolingo,fun.,2
duolingo,fun.,2
duolingo,fun.,2
duolingo,fun.,2
duolingo,fun.,2
duolingo,this is definitely a great way to learn a new language for both kiss and adults!,2
duolingo,i read the stories with my kiss and they love them!,2
duolingo,you can go at your own pace and ability.,2
duolingo,i also like the league table to help drive a competitive spirit.,2
duolingo,"great for practice, stories are a lot of fun too!",2
duolingo,for me is very entertaining and competitive in order to have a better experience learning new languages,2
duolingo,easy to use.,2
duolingo,easy to use.,2
duolingo,it's so easy to use and the as are easy to skin over in the free version.,2
duolingo,i like the teaching tips and the stories.,2
duolingo,fun.,2
duolingo,this pp is great for learning grammar.,2
duolingo,the goals keep a motivate and competing against others to learn.,2
duolingo,fun.,2
duolingo,fun.,2
duolingo,though the repetition can get a bit boring this is the way to master language basis...like a baby!,2
duolingo,adjective audit visual saying.,2
duolingo,this helped me in so many ways but most importantly it is access to full through lessons on other languages.,2
duolingo,the adds it contains are not disruption.,2
duolingo,starts with the basis which is vocabulary and the fact that is audit-visual makes it way much easier.,2
duolingo,makes learning languages fun,2
duolingo,domingo makes learning languages fun and simple.,2
duolingo,"it requires some concentration, but not very much, and it doesn't feel like studying when you use it.",2
duolingo,makes it fun and challenging.,2
duolingo,encouraging.,2
duolingo,fun.,2
duolingo,fun.,2
duolingo,it's a great pp to study different languages in a fun way.,2
duolingo,it's a great way to make learning fun.,2
duolingo,"yes, there are as but they're not at all annoying.",2
duolingo,fun.,2
duolingo,no pressure and free if you don't mind the odd advertisement,2
duolingo,easy to navigable,2
duolingo,easy to use.,2
duolingo,fun way to learn a new language.,2
duolingo,easy to use.,2
duolingo,easy to use.,2
duolingo,plus it's enjoyable to use and keeps you motivate to keep going so far had no problems.,2
duolingo,easy to use.,2
duolingo,"the fact that this pp is free, easy to use, and poses remarkable, quality content is simply unbelievable.",2
duolingo,there are a plethoric of languages and you have the ability to practice whenever you want at your fingertips.,2
duolingo,easy to use.,2
duolingo,fun.,2
duolingo,fun.,2
duolingo,fun.,2
duolingo,easy to use.,2
duolingo,easy to use.,2
duolingo,easy to use.,2
duolingo,amazing pp great for beginners to advanced in my opinion.,2
duolingo,its perfect for those new to the language and those with a wee bit of experience.,2
duolingo,"with the new update you guns added a story practice exercise and the pp (my favorite do) gets even more awesome , exciting, fun , interesting,and provides a great load of cool learning stuff.",2
duolingo,i feel like i'm playing a game but then as i go about my day i look at the world around me and i realize how much i've learned.,2
duolingo,do is excellent and has ratified learning spanish.,2
duolingo,i want to be at the top of my leader board and it's a great incentive to practice.,2
duolingo,the lessons are easy and build on what you know and help review what you get wrong.,2
duolingo,interesting and challenging at the same time.,2
duolingo,"it's fun, but there's plenty repetition, so you don't lose heart because you don't get stuck.",2
duolingo,i often find the comments very helpful too.,2
duolingo,fun.,2
duolingo,fun.,2
duolingo,fun.,2
duolingo,fun way to go to school.,2
duolingo,go at your own pace or be competitive with those in your group.,2
duolingo,love the stories.,2
duolingo,those have you learning and entertained at the same time.,2
duolingo,i find the pp fun and look forward to my next lesson.,2
duolingo,it reinforced things you have covered already while it is introducing new content.,2
duolingo,"it's an amazing pp if you want to learn a language from the beginning, lots of reviews say the pace is slow but for someone with no level of knowledge in the language it is extremely good pace.",2
duolingo,having fun learning italian!,2
duolingo,love how the pp occasionally takes you back to previously learned phrases to keep you engaged.,2
duolingo,it's fun and adjective!,2
duolingo,easy to use.,2
duolingo,fun.,2
duolingo,fun.,2
duolingo,fun.,2
duolingo,easy to use.,2
duolingo,this is super fun to use.,2
duolingo,really makes learning a new language fun!,2
duolingo,easy to navigable,2
duolingo,fun.,2
duolingo,fun.,2
duolingo,fun.,2
duolingo,fun.,2
duolingo,fun.,2
duolingo,fun.,2
duolingo,intuition and easy way to learn the basis in a new language.,2
duolingo,it has many languages and many exercises.,2
duolingo,were good for beginners at least.,2
duolingo,easy to use.,2
duolingo,easy to use.,2
duolingo,you will actually stay committed to learning the language with this pp.,2
duolingo,easy to use.,2
duolingo,easy to use.,2
duolingo,easy to use.,2
duolingo,easy to use.,2
duolingo,fun.,2
duolingo,fun.,2
duolingo,fun.,2
duolingo,fun.,2
duolingo,fun.,2
duolingo,fun.,2
duolingo,fun.,2
duolingo,fun.,2
duolingo,fun.,2
duolingo,easy to use.,2
duolingo,easy to use.,2
duolingo,this game is one of the best educational games i've used.,2
duolingo,the adds aren't even that bad.,2
duolingo,not like other apes with bearing loud adds.,2
duolingo,the learning process is fun and easy.,2
duolingo,i like the fact it's like a game.,2
duolingo,no pressure learn at your own pace.,2
duolingo,"fantastic pp, they let you learn as much as you want for free and the as aren't too overwhelming.",2
duolingo,rank and point system makes it fun if you are competitive.,2
duolingo,health bar is a fun way to challenge you to remember.,2
duolingo,fun.,2
duolingo,fun.,2
duolingo,fun.,2
duolingo,"the modifications have helped me keep on track, and the first lessons are very intuition and beginner friendly.",2
duolingo,i'm learning organ and the way it reaches you everything and the strategy for reviewing is so awesome to really plant it in my head.,2
duolingo,fun.,2
duolingo,fun.,2
duolingo,fun.,2
duolingo,fun.,2
duolingo,fun.,2
duolingo,fun.,2
duolingo,"it allows you to learn at your own pace, taking into consideration that life doesn't give us standardized times to study.",2
duolingo,"it also allows to question answers with others in the domingo community, with great and helpful feedback.",2
duolingo,"most of all, i enjoy listening to the stories.",2
duolingo,love the stories.,2
duolingo,easy to use.,2
duolingo,fun and easy to use.,2
duolingo,easy to use.,2
duolingo,pp is easy to use and free version has full functionality (ad based).,2
duolingo,"i like it how they put ""do you know some of it or do you not"" it really helps people like me and i think i should rate it a 5 stars!",2
duolingo,i like being able to listen to a sentence over and over again until i understand it.,2
duolingo,it also is nice to be able speak it into the shone and pp tell if you said it correctly.,2
duolingo,interactive.,2
duolingo,very interactive.,2
duolingo,i find domingo easy to use and i never have issues with the pp not working correctly.,2
duolingo,accessible and easy to learn as well as enjoyable.,2
duolingo,"the quick lessons are game like in nature, but after a short time i'm starting to see the connections to terms in daily life.",2
duolingo,fun.,2
duolingo,fun.,2
duolingo,fun.,2
duolingo,fun.,2
duolingo,fun.,2
duolingo,fun.,2
duolingo,i like the fact that big i can do stories on my phone.,2
duolingo,"it was really fun, almost like gave but you get to learn something while playing.",2
duolingo,it's also repetition which makes you not forget what you've already learn.,2
duolingo,i'm enjoying this application and learning at the same time.,2
duolingo,"also enjoying the amazing features for free, hoping that someday i can afford the plus version.",2
duolingo,easy to use.,2
duolingo,very straight forward and easy to use.,2
duolingo,repetition and practice in various forms helps with retention.,2
duolingo,great to practice listening and speaking.,2
duolingo,easy to use.,2
duolingo,"in using the free version, it almost reinforced vocal memorization, otherwise you're limited to your heart count.",2
duolingo,easy to use.,2
duolingo,easy to use.,2
duolingo,interactive.,2
duolingo,"fun, easy to start with, lessons move at a good pace.",2
duolingo,"lots of encouragement and immediate descriptive feedback regarding errors, and opportunity for do-over.",2
duolingo,easy to use.,2
duolingo,easy to use.,2
duolingo,"it's just like a video game, and when you run out of hearts you can practice to get more.",2
duolingo,"i have so much fun learning a new language it doesn't feel like i'm studying at all, highly recommend if you wanted to learn a new language at your own pace!",2
duolingo,"absolutely amazing, fun while learning.",2
duolingo,"this is the best pp to learn fast and soft a language, and it pushes you to have goals.",2
duolingo,fun.,2
duolingo,fun.,2
duolingo,fun.,2
duolingo,easy to use.,2
duolingo,easy to use.,2
duolingo,easy to use.,2
duolingo,easy to use.,2
duolingo,easy to use.,2
duolingo,easy to use.,2
duolingo,easy to use.,2
duolingo,easy to use.,2
duolingo,"you learn the language at your own pace, you can choose what language and, you can take multiple language at a time.",2
duolingo,"plus, it doesn't hurt that it's free.",2
duolingo,"the as aren't irritating at all, because they help maintain this amazing pp.",2
duolingo,"tons of languages that are community-driven, taught in an engaging way.",2
duolingo,"all of it free, with non-disruption as and minor paid content.",2
duolingo,fun.,2
duolingo,fun.,2
duolingo,fun.,2
duolingo,some things do not make sense unless you have that into and domingo provides it!,2
duolingo,fun.,2
duolingo,fun.,2
duolingo,fun.,2
duolingo,fun.,2
duolingo,fun.,2
duolingo,fun.,2
duolingo,"you do not have to pay, it doesn't take a lot of space and at the same time, you learn and improve your languages!",2
duolingo,easy to use.,2
duolingo,easy to use.,2
duolingo,even their as are easy to watch,2
duolingo,i really love this pp since it is free and i am learning spanish.,2
duolingo,fun.,2
duolingo,fun.,2
duolingo,fun.,2
duolingo,encouraging.,2
duolingo,easy to pick up where i left off.,2
duolingo,it is insanely helpful and not at all invasion with as or pushing the plus membership.,2
duolingo,easy to use.,2
duolingo,easy to use.,2
duolingo,encouraging.,2
duolingo,"easy to use, motivation and encouraging.",2
duolingo,as aren't too invasion on the free version.,2
duolingo,it is really a fun way of learning a language.,2
duolingo,through a repetition of a vocabulary and grammar it actually does stick in my head!,2
duolingo,amazing pp where you can learn a language for free and also help free education.,2
duolingo,fun.,2
duolingo,fun.,2
duolingo,fun.,2
duolingo,"pretty fun to do, actually!",2
duolingo,keeps you involved in the language you're learning without being completely overbearing.,2
duolingo,"free version has non annoying as, and i've already learned way more than i did in he spanish.",2
duolingo,more fun than reading a lame book.,2
duolingo,it is competitive too so it makes you want to learn more.,2
duolingo,"this pp is adjective, fun, and as far as i can tell accurate.",2
duolingo,there are even competitive components to keep you coming back!,2
duolingo,as are closable after just a moment.,2
duolingo,"provides positive feedback when doing well, highly motivation.",2
duolingo,fun.,2
duolingo,fun.,2
duolingo,fun.,2
duolingo,events are a great way to meet other earners.,2
duolingo,"it very repetition and seems easy, it gradually speaks new stuff in and you don't even realize you're learning.",2
duolingo,easy to use.,2
duolingo,fun and easy to use.,2
duolingo,easy to use.,2
duolingo,i also love that you can learn clinton and high valyrian.,2
duolingo,and the as aren't too bad!,2
duolingo,easy to use.,2
duolingo,easy to use.,2
duolingo,easy to use.,2
duolingo,easy to use.,2
duolingo,fun.,2
duolingo,fun.,2
duolingo,fun.,2
duolingo,i like the circular learning method .,2
duolingo,good pp for learn from basis and pronunciation is also very helpful,2
duolingo,"i love the fact that if you run out of lives, you can practice to get more instead of having to wait.",2
duolingo,it makes learning a language fun and easy.,2
duolingo,fun.,2
duolingo,fun.,2
duolingo,fun.,2
duolingo,interactive.,2
duolingo,i especially love the speaking option where you learn how to speak it correctly.,2
duolingo,fun.,2
duolingo,fun.,2
duolingo,fun.,2
duolingo,challenges are perfect to learn the language quickly!,2
duolingo,very good and helpful for beginners and e experienced,2
duolingo,very funny and useful pp to learn language with friends or alone,2
duolingo,"the ratification aspects work really well, too.",2
duolingo,super fun and intuition.,2
duolingo,fun.,2
duolingo,fun.,2
duolingo,fun.,2
duolingo,the pp is super good to practice language everyday and keeps you motivate.,2
duolingo,at first it was kind of not fun(i liked it but there was not much) but now since there is stories it is amazing!!!!!!!!!,2
duolingo,fun.,2
duolingo,fun.,2
duolingo,fun.,2
duolingo,"the pp has been considerably improved since they porter lesson tips and, very recently, the ""stories"" features, from the webster version.",2
duolingo,hardly any adds so many great fun ways to learn how to speak many languages!,2
duolingo,easy to use.,2
duolingo,easy to use.,2
duolingo,"this pp is very encouraging, i see my progress and am grateful.",2
duolingo,really makes learning fun and rewarding.,2
duolingo,fun.,2
duolingo,fun.,2
duolingo,fun.,2
duolingo,fun.,2
duolingo,fun.,2
duolingo,fun.,2
duolingo,as are minimal and content is great.,2
duolingo,i feel comfortable at the pace i'm learning.,2
duolingo,now it has gotten even better with the addition of short stories that are very interesting and make learning all the more fun!,2
duolingo,fun.,2
duolingo,and lots of fun.,2
duolingo,fun.,2
duolingo,fun.,2
duolingo,easy to use.,2
duolingo,"and i'm so glad it starts with a test for people that took spanish in school, but didn't do much with it after that.",2
duolingo,easy to use.,2
duolingo,encouraging.,2
duolingo,"instructions are very easy to follow, lessons with examples, and the reminders keep you on track.",2
duolingo,added stories with translations and voices.,2
duolingo,easy to use.,2
duolingo,easy to use.,2
duolingo,fun.,2
duolingo,fun.,2
duolingo,fun.,2
duolingo,fun.,2
duolingo,fun.,2
duolingo,fun.,2
duolingo,love the reminders to keep at it.,2
duolingo,and completely free!,2
duolingo,easy to use.,2
duolingo,easy to use.,2
duolingo,fun.,2
duolingo,fun.,2
duolingo,fun.,2
duolingo,fun.,2
duolingo,fun.,2
duolingo,fun.,2
duolingo,easy to use.,2
duolingo,easy to use.,2
duolingo,"with duolinguo, it's possible to learn only five minutes a day if you are too busy and practice more later when you are relaxed.",2
duolingo,"great learning curve, not too tough when starting out, and reminds me to practice when i forget!",2
duolingo,very intuition for all with different learning style and can work at you're own pace.,2
duolingo,unlike other program this one doesn label grammar and vocabulary this makes me feel very free in my learning.,2
duolingo,i especially love the stories that recently got unlocked in the pp.,2
duolingo,fun.,2
duolingo,fun.,2
duolingo,fun.,2
duolingo,the support is excellent with all of my questions answered quickly by a real human being!,2
duolingo,fun.,2
duolingo,fun.,2
duolingo,fun.,2
duolingo,fun.,2
duolingo,fun.,2
duolingo,fun.,2
duolingo,"no rushing, no intense repercussions for mistakes, free.",2
duolingo,easy to use.,2
duolingo,easy to use.,2
duolingo,fun.,2
duolingo,fun.,2
duolingo,fun.,2
duolingo,easy to use.,2
duolingo,easy to use.,2
duolingo,interactive.,2
duolingo,"one can learn writing, reading and pronunciation at once.",2
duolingo,"not only is it easily used for free, it keeps me excited to learn more every single day.",2
duolingo,"easy to follow step-by-step learning, broken into sections that build off previous lessons.",2
duolingo,fun way to ramify learning a language.,2
duolingo,"completely free and the as aren't too intrusion, using it to try and learn japanese hiragana",2
duolingo,easy to use.,2
duolingo,easy to use.,2
duolingo,this makes you learn the basis (and more) of a language very well and it's also easy to use.,2
duolingo,one of the better apes for learning any language it has repetition which is absolutely key to be able to re-teach yourself or just learning a new motto graze domingo.,2
duolingo,easy to use.,2
duolingo,easy to use.,2
duolingo,fun.,2
duolingo,fun.,2
duolingo,fun.,2
duolingo,"very educational, it easily reaches you how to understand a language and the proper pronunciation.",2
duolingo,easy to use.,2
duolingo,easy to use.,2
duolingo,"the bite-size lesson format is great, you can squeeze in them in any spare moments.",2
duolingo,fun.,2
duolingo,fun.,2
duolingo,fun.,2
duolingo,fun way to learn a new language.,2
duolingo,it's so engaging and cut that even my 6 and 8 year old children want it download onto their tablets!,2
duolingo,it's done in a fun way with achievements and it also has a competitive aspect.,2
duolingo,edit after a month of use: i like it more than roseola stone i feel like you get to learn new words slowly and they give you time to learn the new word.,2
duolingo,easy to use.,2
duolingo,easy to use.,2
duolingo,"absolutely love the stories that have been added, it's a fantastic way to help with listening comprehension.",2
duolingo,it's also really fun and making me want to come back to it.,2
duolingo,runs smoothly always with no crash ever.,2
duolingo,recommended for all age groups.,2
duolingo,.are's learning feel like a game.,2
duolingo,"excellent pp, i love the variety of languages and quality of the content.",2
duolingo,"the easy build of vocabulary and the mix of speaking, writing and listening are effective.",2
duolingo,"excellent pp with a good range of motivation twists to keep you practicing...and if you are ever tempted to whine, remember it is still free",2
duolingo,easy to use.,2
duolingo,easy to use.,2
duolingo,fun.,2
duolingo,fun.,2
duolingo,fun.,2
duolingo,easy to use.,2
duolingo,easy to use.,2
