today lesson new year promotion pop close plus subscription long active,1
still end april ca find way reinstate plus feature,1
try report help bug unable submit request,1
learn competition stay league,1
try learn hour daily still get devote frustration,1
end story stay league instead learn,1
look another strictly learn compete imaginary people,1
never make learn process competition,1
compete league strive secure place top one bad experience,1
good change way health league,1
recent update pronunciation word sentence go,1
go learn without sound voice guide,1
great without heart really suck,1
get five live day lose one every simple mistake,1
seem flat lie everything else fear make want spend time learn league,1
ask language speak show rude neither want read text rude prefer english text select environment language ca even read must choose language english version must restriction select language environment stay english user learn give language,1
basically flash card game true language course,1
heart feature add useless goal learn language month limit mistake day go get far,1
however hate streak want compete,1
want learn pace,1
love though hack pretty badly make exceptional progress ca get money back plus account receive response report three time,1
disable account two year progress start streak lose everything,1
use crash lot fix,1
tell know read write language grow,1
people design smart dare try live one day street la speak spanish say spanish,1
also lack help awful,1
also try plus worth money,1
new heart addition basically negative reinforcement,1
however recent update awful heart system long continue usual method learn,1
actually word sound like write,1
bad start guess,1
sorry say bad learn organ,1
really good,1
throw random character figure use,1
also ask type latin hear say tie english,1
poor quality control,1
health whatever run every time make tiny mistake,1
language list alphabetical order make find language tricky actual teach help say word fast ca really catch proper pronunciation,1
trick pay subscription say lose day streak streak freeze buy,1
play subscription cancel secure payment check get back streak monthly streak repair reason buy subscription use,1
mean lie pay,1
lose night ship day,1
use plus month suck office mode super buggy enough lesson time,1
also lose streak unless connect every day lose nearly day streak even though study office every day,1
finally single month sub cost close sub like,1
right spend thing poor pay,1
delete language properly replace whenever delete course,1
alternative answer english language accept despite valid language speak,1
explain get something wrong,1
get rid heart,1
could amaze would get rid aspect,1
wait hour try learn new language make hard already,1
dreadful update certainly negative affect experience,1
male female pronounce word differently,1
someone struggle pronunciation never get good consistent,1
also felt like cover grammar,1
like lose point,1
work really hard get nearly sudden go,1
go clearly beat person new spot,1
apparently suppose go new league check still one,1
lesson load slowly lag lack pronunciation lesson subscription button force post subscribe attack moderate thus star ca button place inconvenient position cause disable lesson accident story forum inability disable word leave regardless setting say motivation message abandon lesson,1
sign trial plus use twice within week first payment take anything account ca claim refund happen consumer cool period,1
many time exercise count experience streak,1
five star burn day streak even streak freeze place,1
burn day streak streak freeze place,1
place th gold league suppose move sapphire league still gold league,1
bad come basic grammar,1
teach expect know write,1
track streak correctly,1
obvious way report bag,1
obvious way provide accent letter,1
new update heart reckon terrible,1
ca learn without buy premium enough heart exercise obtain heart lead nothing another repeat sequence,1
one miss comma sentence repeat irritate,1
please make available office,1
load constantly message connection regardless whether wife use data,1
new heart system make unable remove lighthearted learn experience,1
really want pay,1
convince block heart look way learn,1
learn language make mistake please honest pay,1
ca sign create new account connect friend,1
use last day sometimes show connection lose recent work use sometime show connection problem,1
lesson load forever regardless network quality audit miss half time,1
surely fix instead change daily streak work,1
playback sentence fail speak whole sentence output last word,1
ca change profile picture,1
want change profile picture,1
new version say word phrase,1
delete streak freeze without warn lose almost day,1
bad quality translation russian,1
reason health,1
speak free soon run heart force wait buy,1
constantly state check connection despite connect g wife,1
wo lesson advance either,1
pay year subscription ca even use,1
keep smile support without response reply tell goose fix support buy another phone,1
since update ask curl login code,1
expensive worth would rather get babel sadly choice,1
lock use month say another account,1
charge another still ca use,1
engage enough find bore slow teach anything,1
keep tell fail,1
attempt contact support chat work either,1
application try remove money account without knowledge want pay month english even though even log create profile application recommend application beware fraud,1
open try phone well friend phone open,1
ca see picture navigation intuition,1
try use study japanese language seem beginner course,1
hell suppose figure word read picture,1
program student repeat russian word phrase give picture description,1
often free trial immediately charge card,1
get use english far teach nothing random word real learn grammar,1
pay full price full access language learn lesson subscription add account receive error message try use,1
send six customer support receive one reply ask proof purchase,1
customer support terrible,1
white learn night tedious eye,1
pretty expensive make free put add never complain,1
wrap mislead ad free trial,1
charge month even though cancel immediately keep money,1
great learn really anna learn press purchase lesson page pay appear,1
roseola stone computer perfectly fine,1
trash comparison worth scene subscription cost,1
waste money wait sale buy version fee,1
update week ago since work come error message whenever click module,1
contract support team twice regard yet respond anything give case number,1
professional currently bleed bank account nothing,1
say guarantee refund decide buy unlimited use japanese version march quickly decide follow day cancel get refuse ca,1
buy goose play ca get refund try step provide nothing goose keep automatically deny request,1
hesitate purchase goose play get,1
conceal subscription able resolve issue customer support give option return fund,1
get way try teach still need add translation something tell user learn japanese question rhyme reason structure way literally guess picture show nothing could see fill blank give explanation go,1
ok guess correct answer explain actual mean,1
say thing tell exactly say picture guess,1
ask beginner intermediate advance open intermediate lesson without buy way try start basis,1
buy without try,1
application free content pay,1
recommend price,1
find unlimited limit real quick,1
limit try get fork money,1
want give star honestly help learn spanish also keep charge month without knowledge,1
even bad charge say subscription apparently suppose renew charge day early refuse refund anything,1
keep lock nodule,1
never use say already use,1
let log make free account try everything still wo work,1
work well,1
money hungry,1
company wont give mobile language even though purchase version,1
want spend around dollar practice mobile,1
waste money month access get core lesson force go full access extra disappoint waste money time basic free trial lesson,1
try trial period suggest take money goose account,1
never could get voice phase work properly,1
dont use still charge,1
free could even give try,1
basis alphabet,1
show translation english like say support,1
right way beginner learn,1
ca say word write japanese,1
disappoint offer least one african language option,1
get free trial period make subscription,1
verbal phone,1
customer service close change order,1
show say english filipino,1
day learn thing learn language say past three day learn day soon open,1
able core lesson buy personally think plan way expensive,1
month,1
think free card kill,1
ca find way remove account,1
game would tell mean word could find answer,1
correct speech,1
really love recent update awful,1
lose day streak,1
get wrong question wrong ca continue learn,1
month try get join whatever reason game use heart mine use light,1
heart system actually stop learn instead block pay wall play free,1
fear towards american audience spanish english earner even flag wrong,1
portuguese,1
inconsistent due finger error,1
know right wrong indication case,1
limit decent option start learn basic vocabulary new language,1
new heart thing work,1
get answer right lose heart regardless,1
long take refill gem,1
might help get subscriber whatever,1
japanese course introduction extremely frustration use name wa hand desk,1
use sentence purely random get lose heart,1
feel like luck instead learn,1
please fix feel like intentional feature buy premium membership go motor free learn,1
awesome begin sound stop since start italian,1
try every way fix answer,1
cut option regenerate heart,1
know office option free please gun right,1
ever since implement heart system pay progress despite heavily advertisement torment keep learn free,1
since heart system allow five mistake per lesson pay currency refill heart,1
need pay light test level,1
update second time open monday morning find streak freeze use even though weekend amulet,1
ca delete course mean take one course english speaker delete one even lot french speaker king get lose course different language speaker want try like ca remove,1
also stop offer free test please something,1
try learn notice problem different bowel sound exactly distinction sense guess one choose like lead make mistake,1
also could complete several task due accept correct answer,1
also different lesson information pu,1
use love progress rapidly start use heart health penalize mistake new lesson,1
please go back light heart,1
try use version heart hard use mobile devise,1
ply discontinue heart,1
ok use year always helpful update downgrade live area phone signal wife spot use lesson office apparently pay monthly,1
also ca see lesson group ex use click basis would show donna learn every lesson progress quire use free could skin thing already,1
use actually retain information repetition practice high daily goal,1
goal mean nothing lesson short memorable,1
heart system make otherwise great unstable,1
sure though maybe heart pay,1
long dont mind take picture look personal picture record audit record video modify setting modify card read data card delete content card search find view account phone analyze wife connection analyze data anyone else wife run start listen microphone,1
learn word ok explanation change think get,1
unfortunately use plus free trial miss cancellation date course charge beware auto renew month together constantly bombard,1
completely stick multiple hind course,1
far option spend gem take test skin lesson sound come lesson waste gem continue,1
good fall short one aspect sometimes allow bad swell word may one letter time fail misspell regardless level,1
also hit phrase blue even cover phrase even word force spend time check translation actually learn anything,1
find enough helpful learn japanese anti,1
japanese teach method also odd,1
one probably find ape learn eastern language,1
edit introduce delay ship,1
actual content great however past year begin charge money many thing previously free lingo price everything amount light actually earn limit able make mistake pay use need wait hour use,1
long satisfy user money charge excessive advertise money charge,1
mislead say one use office use pay version,1
need update time connection nothing one,1
time error message one click lesson work one need click second time,1
sometimes volume go mid exercise,1
fine like way work heart system terrible really keep progress,1
wife phone great heart system,1
allow mistake day insane,1
nice concept buggy zero customer support,1
program learn italian badly explain idiom unusual construct throw without prior late explanation repetition example already learn contain weird frankly disturb sentence practice die,1
user leave support advice,1
frustrate pressure create profile,1
nice application however get stock one step game pair sound word sound play one button allow continue,1
dont keyboard language want learn device dont,1
heart use learn language never get fill happen month even update,1
useful use fix keyboard,1
new update upset old version cheap limit heart,1
teach support responsive question comment get lock,1
study material provide,1
even though finish first place league move next league give credit lesson try report issue deny time try submit give refuse pay ca submit problem company,1
poor support,1
plus feature work get refund month subscription pay use,1
constantly ask plus refer friend free week,1
however upon refer friend free week give find try plus annoy,1
actual helpful u get many question wrong u run heart wait hour go back,1
show ratification open look ratification nothing,1
way get rid ratification indication annoy,1
happen fifth ten get diamond get wonder make competition let win,1
really mad eighth diamond league finish say something go wrong get level,1
let people compete go give point next,1
people abuse practice lesson gain remain top make unfair people update ape learn legitimate way,1
wont sound listen exercise,1
buggy interface device make reply sound frustration think select answer,1
also mid unable differentiate even simple absent noise make speak exercise impossible anything silent pad room,1
poor design,1
finish unit japanese school get tell write lesson even available,1
also speech recognition need work,1
several instance say correct answer perfectly word light correct give red x say,1
make progress whatsoever recommend learn arabic different way,1
microphone performance extremely louse,1
select even see input device use example device connect,1
thank roseola stone expensive language learn fail deliver critical feature,1
try offer functionality like fail,1
problem encounter picture small lack functionality version japanese alphabet pain sometimes forget credential require constant connection even choose lesson,1
speech recognition sometimes work product ask much money would expect,1
sluggish pace,1
take much time point second animation click,1
idea amaze hard without english word learn chinese,1
sometimes ca understand character mean hard use sound translate english goose translator,1
good kiss hard recognize kiss voice,1
try use year son learn english stick girl drink try lot time include loud whisper adjust option male recognize,1
expensive,1
buy,1
way expensive great way learn,1
require microphone lesson,1
picture,1
great language leave option way much money honestly prefer purely free complete course without pay roseola two three lesson pay year,1
remain treat get response,1
great learn audit technology great,1
cancel subscription goose play get charge webster way contact get back,1
translation,1
say word exactly time record something different,1
able login account mobile,1
forget something would let even though use rest button,1
bet amaze ca afford money month,1
close,1
good move slow pace,1
also clot multiple choice help choose right answer eliminate obvious wrong answer make easy help learn,1
need multiple choice speak without word screen,1
like organ seem design interest talk boy girl band seriously skin logical vocabulary sentence go straight singer cool,1
please design organ make sense,1
wish add voice recognition practice say sentence,1
also listen exercise work last update hear anything please fix problem,1
however old update provide comment receive response developer little disappoint customer engagement,1
old comment long see many word learn month previous month either also little graph progress think,1
would realistic allow month month membership,1
claim help everyone learn free yet pay plan u fix income strive change,1
everyone use wealthy afford give year front everyone use dirt poor free answer,1
keep put office mode,1
get level four take back level three finish part level three rest back begin level three,1
would give star environment design good one improve one maybe maybe would give star pay plus subscription,1
connection perfectly fine yet fail connect,1
heart use practice continue charge unless open,1
click heart see time start count please fix refill period heart,1
give star learn basis german day sound listen exercise come skin moreover early press word use pronounce help lot stop know happen ply help really like,1
make impossible go many lesson face chance look heart come question,1
however fall short several point tip cover skill,1
furthermore tip show begin,1
fix suggest give tip first level lesson skill,1
bell button review,1
league may gain day range high,1
please add ability use keyboard exercise,1
force use word bank mean learn anything subsequently repeatedly install use version instead,1
use star try figure thing get discourage finally quit play,1
short tutor video would help,1
would award star give learner way connect communicate earner efficiently,1
please provide gratification u want communicate,1
good really enjoy dont know audit hear anything,1
ok really nice like reach stuff free ever since put heart thing enjoyable learn russian really hard make mistake would rate full star heart thing ridiculous oh wait hour get heart back besides really helpful would recommend,1
additional frequently rest lesson lose work start lesson,1
also late update new problem solve please,1
japanese need work,1
sometimes get anti never see spell,1
lastly japanese social context important,1
reach acceptable way say thank informal case would consider rude use casually,1
wish drain battery fast,1
edit learn grammar tip whatnot available web version save language add last update,1
big issue learn spanish often ask type hear run problem say un suppose un get din,1
thing bag access lecture note,1
also like league make rack point instead learn language,1
big fan introduce health system make totally disappoint unable,1
learn use today heart appear version also,1
constant bug cause sound file load properly result silent lesson punish able hear language,1
snug patronize tip screen make want throw phone window,1
also quite limit overlay repetition,1
little actual instruction grammatical rule kind guess hope best,1
french would give star organ course lack,1
early lesson sometimes use sentence simple impossible drive intend mean,1
second irritate issue quality audit,1
hard hear exactly say often due muddy audit,1
learn tool game,1
live,1
even like live charge quickly take hour,1
highly recommend brother use,1
give flexibility user move ahead,1
hard keep go make mistake run life wait energy,1
however couple week stop work ward health,1
one new feature annoy break previously complete skill rate current learn goal result new lesson every day,1
would star voice recognition work,1
use heart practice heart restore day,1
need make dont lose heart get voice recognition work properly,1
good beginner great try perfect language already know,1
long see next language really help see one practice first,1
dont like whole heart point thing really limit whole learn process,1
learn mistake punish,1
afford pay option little annoy heart disappear thin air happen regularly,1
pitch need sort everyone pay game dont issue,1
great poor hint pronunciation,1
great learn hate lose entire lesson heart health run mistake,1
make lesson get wrong even long repeat hurt get point leader board,1
advertise free yet free run gem buy heart,1
reduce three start late update miss progress,1
constantly appear list ape use battery past n minute battery discharge two time fast,1
improve organ lesson,1
start test say error occur get gem back th time,1
lose gem buy heart replenish heart take gem gain heart give time frame,1
close open level clash,1
many push modification,1
obvious way contact customer service free version,1
many change good,1
work landscape mode tablet,1
system heart discourage make mistake reality everyone make mistake,1
would give five add health aspect think huge drawback understand benefit concept already practice go limit much learn day health make sense make hard go forward,1
plus offer progress quire content dominate vocabulary grammar introduce,1
also enough emphasis spell speak new word phrase,1
example word sentence singular french word plural,1
riddle painless modification knob crack get want make money still mostly volunteer work,1
would amaze take long restore heart get nowhere,1
say free trial click want pay year,1
big grip voice portion learn vietnamese,1
pronunciation quick get chance hear well enough,1
think remove late update come wait hour get heart practice anyway good helpful one,1
heart part annoy,1
good aware pay version year subscription pay clock version,1
health thing annoy,1
take second finish also annoy,1
however find relief much phrase learn replacement actual education language,1
would get star new league,1
nice anything free go sell unfortunately every time get wrong lock hour heart afford buy heart would like chance evolve,1
poor job adjust learner start struggle,1
though say word tap,1
first get even unfortunate,1
really help love help learn spanish neck would add heart system want learn different language make couple mistake wait day make mistake keep make mistake practice nod language,1
back main menu click lesson wrong lesson come stroll lesson find one look,1
learn hebrew wish would show english version learn idea really say,1
far pretty good however keep crash require start little buggy screen,1
advance recommend beginner,1
great consumer friendly far prick payment go,1
would much pay clock unit progress,1
unit spanish lady pay clock unit progress,1
problem put new amazon prime purchase key old learn trial,1
hard navigable time,1
two problem explanation grammar learn way gauge well pronunciation,1
time get gist program try teach outside word memorization feel like would get explanation lesson take practice,1
try pronounce word sometimes hear matter loud,1
ca use total version home,1
good start basic vietnamese lack learn layout start alphabet learn first go onto grammar structure instead reverse overall good program,1
great expensive,1
back feature,1
several annoy bag periodically start continue automatically next screen even option turn sometimes recognize voice long load time start show random lesson unit learn instead first,1
extremely frustration come pronunciation,1
say word buzz say wrong want try without say help get right,1
much good computer version opinion,1
many button mobile difficult press without play button hear something select,1
lesson pay go farther otherwise would give good rat,1
love far wish know exactly say look picture,1
start alphabet pronunciation,1
sadly language look learn tell helpful immersion program learn new language,1
need improvement voice recognition,1
expensive,1
log web via school webster,1
pretty good wish,1
free mistake wait hour move,1
error french learn module however accord message board outstanding year,1
problem upgrade late version,1
introduction health system first ruin bad consequence fix regain heart solve difficult lesson,1
learn process little room error,1
feature computer version,1
japanese go another move lesson slowly give solid round thing really need know good,1
prefer press word quick keyboard phone best,1
awesome way refresh language find want learn scratch supplement textbook learn,1
good learn ape price high pu make month otherwise good,1
previous hebrew study would helpful,1
pretty good wish could get level already go begin stag good refresh,1
recommend learn conjunction audit program get additional speak intonation,1
never know perceive wrong therefore learn language wrong,1
pretty good think start weird place,1
maybe make people already knowledge language,1
really like roseola stone teach pronounce word wish give actual schedule follow show everyday find thing even know use,1
reason leave star webster different use,1
high grammar explanation dont exist webster,1
break complete lesson restore webster,1
like get consistency,1
organ example difficult understand character make lot mistake try guess mean premium waste heart,1
know practice earn heart way difficult advance,1
practice lesson new character match character sound,1
except actually teach word mean,1
guess phrase say translate,1
please work translate english arabic word little,1
sad see heart system place push people opt plus option,1
perhaps option cheap would access service,1
also explanation something wrong would helpful,1
random throw thing like character sound word,1
sometimes forget something mean wait come back practice rather look mean,1
sometimes voice audit brilliant,1
personally would prefer speak challenge otherwise great,1
good good lesson design balance adjective unfortunately like ape need pay get unlimited time avert free begin need use heart enough learn decide want buy premium definitely knowledge priceless,1
think would benefit teach letter alphabet language use alphabet,1
drawback uncommon language inconsistent audit clip,1
learn chinese japanese teach read hear talk however teach write,1
user also able theme change voice narrator,1
bright side test simple wo allow proficient language learn,1
give tip lesson module external link embed,1
actually enjoy quite bite reason give four star advertisement say get friend join would get week free unlimited access,1
get two friend join mean two week unlimited access yet whatever reason appear case,1
crash middle quit,1
restart lose light need use light,1
thing think would make good translation brief explanation error get something wrong,1
one suggestion tip guideline especially come sentence construction,1
study japanese regularly goose understand concept wa ga ka,1
forum comment useful ca always filter exactly opinion actual correct,1
feel like free pay,1
free ton advertisement,1
sound wo play image wo show rare unusual free,1
think make could hear sound new word present would help learn fast opinion,1
also would beneficial could chat perhaps someone speak language learn help get use write conversational manner someone try learn language could chat u practice,1
bite buggy teach pronounce thing garlic class native speaker different well different phrase,1
might good put back level two break,1
however little virtual reward get particular level think would good,1
actually teach new language great job encourage something want developer add please dark mode light mode quite outdated,1
take course half lesson hint actually require want learn language,1
also hint much mature mobile one,1
accept one two correct answer write hear question,1
overall helpful sometimes new character see put front figure complete statement,1
sound ca listen exercise,1
anyway microphone work problem speak part,1
wish explanation different end word option pay monthly service definitely keep use,1
fun adjective mix learn topic keep break even get streak lesson come late day break,1
content high quality quite intrusively annoy guess make money somehow ad free option way expensive,1
would also amaze able teach different kind sign language,1
great wish would spend time verb,1
mid work well stop lot,1
give lot revision word already know,1
think get enough repetition thing fail,1
really good help learn spanish easy heart annoy especially one leave get question wrong ca save progress,1
tip suddenly disappear,1
hop add language future,1
great brush chinese skill impossible learn since dont know alphabet,1
new health system abolish,1
prefer former group introduce league normally compete group complete challenge fun present league,1
really love sadly recent feature reach satisfaction consumer,1
new update know happen ca use speak ability test,1
time try speak suddenly turn,1
wait hour mid turn thing keep happen install nothing happen,1
still mid wo work,1
otherwise provide opportunity teach alphabet earner,1
bow second level could hear voice,1
good experience learn french recently find bother problem sound report problem sound miss every single exercise still,1
consider leave without sound play likely waste time,1
many interruption lesson much focus bone base gaze theory,1
main issue interaction phone keyboard dictionary improvement would really help,1
utility greatly lessen however frequently incompetent confuse translation make impossible know actually mean,1
one annoy detail lesson accept arrow new line button alternate enter button addition check result button,1
since new line button right backspace button often submit incorrect answer try correct type,1
like get certain amount heart,1
lose come quit lose progress,1
complaint think heart unlimited,1
like learn spanish ca limit many mistake allow make,1
speak test positive say right process right sometimes loose heart,1
like wait like hour heart ca really make mistake part learn new language,1
think get heart like heart hour,1
lose star think would helpful section phrase need travel early personally would find reassure,1
good basis would think pay lesson bite get heart thing discourage learn,1
also hate heart wait certain amount time play unless accumulate practice run,1
great sometimes hint exactly help question,1
plus language tip section,1
learn russian tip page assume end noun,1
also much content regard spend light,1
would love range outfit motivate earn light house,1
would also love available,1
unfortunately work well put good wife bone clash fail work g,1
sadly enough ca start high level,1
however learn arabic would tread caution lesson bad habit mix modern standard arabic dialect arabic never,1
look great,1
frequently freeze random record progress,1
would like see story site,1
would nice able collapse lesson,1
stroll tedious,1
downside explain rule basis approach really intuition guess game sometimes leave interpretation rule go along learn translation,1
would good reference portion want understand grammar rule,1
reason star one voice thick accent hear properly guess work get word phrase correct voice use,1
dutch interest use often frustration particularly computer voice race sentence consequence misunderstand word,1
dutch often extra long mind simple translate even,1
couple suggestion sentence never complicate rarely use vocabulary previously complete lesson word selection pool time first word capital letter make easy identify,1
new language however like write include,1
office course clear data setting fix issue,1
log back least good wait week response team never happen,1
besides one bug response great,1
thing keep give five star speak portion take organ know language like lady talk way fast,1
option speak slowly say sentence part,1
helpful could practice sentence part slowly try repeat whole thing,1
add list time,1
star would like see feature whereby listen pronunciation roseola stone,1
good want communicate casually annoy punish minor spell mistake otherwise ca complain,1
love start full conversation though,1
complete circle pick minor spell error,1
keep tie whole long complicate sentence one two small error,1
complicate grammar equally frustration,1
different grammar need start simple task rather whole sentence translation,1
achievement beg,1
however already complete league get achievement,1
great please fix achievement,1
way reach great however increasingly add take user interactivity away,1
club good way user learn keep active discontinue replace,1
make people competitive way root learn number,1
root voice speak french japanese german make difficult know pronunciation accurate relatively ok human speak,1
grammar lesson would welcome addition,1
actually would great problem example woman talk listen wo listen error load lesson,1
however minor change would like see please make hard test never fail please add draw character different language choose otherwise wonderful free application ad end lesson,1
sometimes sound file break also english translation exactly answer mark wrong,1
however annoy get many chance get answer right wait next day,1
find explanation word hand leave figure,1
also spell correctly complete challenge,1
bunch quire relax learn experience,1
rate four star instead five although helpful sentence teach would need know thing would normally say,1
think teach basic sentence would use everyday rather something like lot young men live america something similar,1
besides journey one thing bother heart,1
would lot fun wait four hour least one heart,1
need lot practice spend minute day wo learn much,1
would great speak option write option feel speak important read mostly,1
one drawback italian lesson comprehensive,1
three four verb introduce sometimes without conjugate make irregular verb difficult exercise ask dozen verb introduce,1
great use enough use pay version still need notebook write learn verb conjugate along glance language,1
lesson could stand explain certain thing little good though,1
like lesson little lay cover,1
would like much good option turn write portion language try learn,1
need word every category possible thank,1
notice learn alphabet yet,1
feel slow pace expand french vocabulary,1
disappoint lack lesson,1
would get lesson high level good retention repetition key get level ridiculous,1
ok great free feel like teach correctly sometimes exercise give many tip lesson either,1
patience dig answer mark wrong even though comment user show answer might really enjoy,1
wish lesson would explain little community friendly teach make lack content lesson,1
really love except one piece health,1
get lesson struggle health run even completely finish single lesson,1
reason give star grammar rule explain learn say thing language,1
run bite slowly phone,1
occasional bug make lesson impassable rare see mode,1
error lack vital information learn pure take away learn experience opinion,1
maybe kind lot make send money good version,1
hope develop help immersion,1
reason take one star little straight forward still learn alphabet something next thing something never see,1
please audit lesson,1
please add lesson learn symbol language letter anti,1
love much help lot learn new language heart take long time refill lead quit wish u would look matter make good,1
wish progress fast pace seem relate demonstrate proficient,1
thing miss explanation theory,1
love useful learn type different language useful use school wish pay get unlimited heart make heart beside great,1
help sure small criticism would overlay repetition,1
repetition bread familiarity feel,1
superb try avoid repeat sentence lesson several time become bore fact try use word want learn different sentence avoid make anyone feel bore one thing lesson many level try make level especial make feel learn new thing even new sentence,1
problem time speech function make miss word mispronounce,1
like honestly passive aggressive modification get nerve,1
skin day modification get sappy,1
time want hear audit might fact happy phone otherwise great,1
think process bite slow instead push learn get bore annoy,1
lot repetition lesson seem limit amount new word could introduce category,1
occasionally issue lesson load couple speak question would accept answer unless english good,1
much explain santa voice speak quickly audit test free good,1
silly type get annoy overall awesome product,1
teach method great please add rude language teach,1
also tip contain list vocabulary teach lesson memorize would also help ex japanese letter pronunciation,1
fun way learn however could use glossy word learn well proper pronunciation guide,1
copy voice perfectly yet still wo register say correctly,1
good start new language audit seem cut reason periodically,1
time must select word ca fully appear screen,1
lack bite depth explore grammar actual dialogue listen learn,1
get like wrong lesson plus well heart live wait hour minute,1
lesson sometimes start without give enough information use word previously teach,1
would nice vocal library keep track word learn far,1
wish let practice part,1
help learn basis far small complaint know resume leave lesson,1
could say like whole set everything level act,1
nice application interactive would love could possibly able quit competition friend would nice,1
interface awesome language like feel beginner friendly,1
intermediate practice people already know basis opinion,1
love find one fault could talk native speaker,1
suggestion design good content lesson work detail explanation answer right wrong,1
love reach lot still learn language whenever get word wrong lose health point lesson get right earn back health point,1
give star really like idea heart think able keep learn rather force pay year infinite heart,1
con would like see explanation grammar,1
however heart slow learn progress,1
please stop heart let,1
hard time hear sound,1
use phone tablet phone oral exercise,1
australian american usage frustration translation,1
good learn language lately problem double light supposedly watch sea turn screen go black stick,1
specific language could involve like martha awesome,1
hate complete day lesson midnight order maintain streak,1
issue add friend track progress,1
heart bite annoy wish push get pro otherwise great,1
wish tax explanation thing like word spell different way,1
really great free use may need review phrase,1
would great add latin,1
yeah add feature save tip office,1
dont many explanation usage word,1
might useful put word use grammar properly,1
think could one ape need connect nice otherwise great kiss adult,1
somewhat repetition move forward easily,1
explanation towel usage,1
lesson move along bite quick need time learn symbol letter new word well express expect know,1
however give four way many add however recommend,1
amaze sometimes formulation sentence seem weird also case ask translate something name write like han hello,1
sad feature switch default language,1
first language russian phone set english also english make really inconvenient learn,1
nice problem ca find friend,1
thing exactly translate right like think difference dialect,1
suddenly become unstable,1
mass point day number lesson league,1
access listen speak task,1
wish would challenge little fast though,1
learn arabic font assignment small difficult read especially beginner,1
sometimes problem audit system,1
sound work properly time unless application awesome,1
good would prefer explain feature towards could good understand word order,1
update sound vocal quire u tape sound tape,1
great really helpful think heart necessary though,1
good learn basic vocabulary work beginner level,1
reason make louse japanese course even cover hire give zero lesson katakana essential learn japanese need kind party study aid course want learn depth play game text book character chart totally unnecessary,1
good ape interest european language application must,1
great learn new language pay order continue learn without interruption like heart,1
good take long get level already know basis want learn complex sentence,1
wish dark mode late night session bed,1
hello grammar sentence structure,1
love thing like get thing wrong heart go late none hard play sometimes,1
great learn language one time add little ridiculous time,1
little childish wish learn useful language travel bet come,1
might good developer add exercise practice speak,1
good explain grammar rule,1
require little research outside progress lesson,1
mix voice,1
get annoy reward though,1
program today start pitch access plan,1
sign look like progress save go,1
also audit struggle use either wire headphone phone microphone,1
excellent need option rest lesson one time cumbersome want start period away,1
past could slow pronunciation,1
mostly good issue occasionally phone pick say,1
say get brand new phone use good microphone would indefinitely help,1
bite frustration recognize word try say though,1
four immersion tough time connect dot,1
hint purity fiction early stag might help particular base language,1
love experience ability learn thing wish different way earn lesson even ability get lesson cheap,1
voice recognition need improvement though,1
good need free,1
communication free,1
wish let user try get correct,1
wish could repeat ensure retention,1
good bite annoy u pay,1
able find option change beginner intermediate,1
audit analysis great tell pronounce word correctly however great help improve,1
great bite expensive limit unit nothing,1
think need grammar really explain,1
contract customer service seem automatic reply,1
overall good expensive limit,1
bite expensive side get half price deal say worth,1
one criticism read lesson unit one ridiculously easy feel like waste time,1
make account japanese unit issue sometimes voice lesson work start,1
issue unit without pay money,1
get learn english well work pronunciation far think work side ca log onto another device log device,1
use lawton instance forget log ca use lunch work phone tablet,1
like ca open multiple device,1
unless professional level microphone tell fail first time upon say word phrase second time say get correct,1
wish help pronunciation like get word wrong repetitively like give option extra physic help,1
also would nice general grammar rule section reference help,1
like lot really helpful visualize pronounce word without tell definition difficult,1
also seem miss ape feature like character selection,1
japanese seem way tongue hiragana,1
wish also translate mean weather u guess,1
reason five star every wo register voice,1
either fail say phrase word multiple time register,1
feel like multiple choice make easy make educate guess maybe work long run,1
seem issue though sing,1
every time open say congratulation finish week even though week button take late though much bother still weird,1
interactive work conversation actually say word like speak analyse know say right,1
need short note something right wrong answer grammar,1
program difficult time speech recognition exercise require respond verbally,1
good basic alphabet language plus word translation picture select native language,1
recognition skill develop quickly pronunciation skill need work,1
learn vietnamese word mean thing,1
say ba old man woman correct tell elderly man woman,1
would good focus recreational word phrase since trip fun business work,1
slight issue speech recognition overall love new format,1
thumbnail photo small easily understand phone screen,1
good simple bite size learn fit around day hard work voice recognition issue microphone,1
great little price worth,1
star mobile include option yet,1
work pretty well mobile occasional issue repeat mid,1
would like word picture game beginner,1
start use learn japanese travel issue fully understand actually directly translate tell word mean,1
seem trouble pick,1
teach method great complaint easy way review get habit study,1
would like see game available via otherwise work describe,1
good albeit phone mid sometime get drown fan common absent noise,1
sometimes voice detection make repeat phrase word,1
much anti first lesson,1
prefer hiragana katakana,1
turn microphone enable,1
sing multiple device need get little good overall good,1
good language take long load,1
say word say say wrong ink,1
good sometimes law behind appear get stick occasionally otherwise useful,1
kind fun really wish could nothing argentina accent fun may learn spanish like wish could argentina set know,1
awesome far wish free content,1
excellent except voice recognition touch,1
really give translation,1
although great wish expensive,1
fast allow time pronunciation grammar,1
lose progress phone,1
wish could clock full version expensive,1
need log every lesson,1
web,1
good program like guess game,1
sometimes put answer accept reason happen question,1
honesty add get annoy,1
quick update wish tell many minute hour total practice,1
lose live want keep go,1
also test skin level sometimes easy translation provide word bank,1
really adjective competitive person careful,1
would like make suggestion would make simple least dictionary language learn,1
learn interactive environment beat method opinion wish would take lesson even advance level well,1
one extra plus sensible approach audit support audit good idea practice text,1
ca use language learn supplement favorite,1
helpful process learn two language french welsh ape need improvement would like change two thing life word bank choose language example complete lesson word go dictionary help memory revision thank read create,1
bad beginner learn language think add relatively content language people street word people use daily life although perfect application keep,1
give tip get question wrong,1
also use dual language dictionary book target language,1
another great help would totally immersion experience native language speaker,1
program great sound pronunciation repetition word basic stage mute practice repeat word become difficult,1
pu add item store lose motivation buy everything,1
wish could always make repeat sentence word even correct answer,1
great lately bug guess voice work,1
wish explanation thing also way look back bank word learn,1
sentence bite silly apple overall could recommend,1
great masterpiece guess really plan well please gun add feature chat follower different language different country,1
awesome recently sound work think country run pity hope come back impossible continue true pronunciation,1
kindly request add arabic rude language course also story read dictionary option application,1
make learn language easy unless use different alphabet,1
however recently listen exercise quite unclear,1
constant upgrade keep beg though,1
clear ache every time every lesson,1
would nice though could delete course phone instead computer,1
complaint light feel little useless,1
big complaint japanese specifically lesson hiragana kind throw straight katakana anti,1
also mention phrase learn japanese extremely rarely use native speaker accord friend,1
sound course work properly,1
get mute test,1
would cool dark theme though,1
excellent way learn foundation language accompany immersion,1
go honest right game bore never really enjoy really use long get bore new update love update new story always fun entertain come twist love use problem get story every day make happy fun learn new language time star love,1
thing want would cool section like read bunch different tip section instead one overall love,1
however one small voice recognition question lenient point learn french someone say something hind background say correct,1
however wish language sometimes audit work device despite turn,1
one thing however,1
complaint spanish ca understand say even though pronounce correctly whose first language spanish try ca understand either pitch,1
problem u r use free see interfere,1
problem competitive bank large list cause try,1
first place high pretty difficult,1
bite disappoint costume,1
way show costume load lesson load,1
hate every lesson,1
like grammar particularly teach suddenly introduce lesson practice,1
necessarily say give book suggest easy read book language learner desire learn,1
would enjoy see achievement game like feature future,1
yet one thing wrong spanish lesson learn put thing,1
thing need say option remove modification since remove modification lose inspiration learn start,1
wish quire progress base,1
would great stop send modification day maybe little bite change concern content would great well,1
exceptional though letter bite confuse term survive book type,1
would great advance level learn,1
show translation word ask sound meaningless know goose ca translate either good either,1
currently unable hear choice sound start lesson,1
grammar bite funny,1
bad point lack explanation would say really plan learn side tool,1
area regret system abuse extra point,1
improvement could think add actual alphabet sound letter make language,1
one thing would like say also make u oral practice,1
system,1
thing would change background colour,1
however take upon self broaden vocabulary,1
unfortunately would able afford whole year even though think wonderful resource hope continue encourage people learn,1
mobile version limit five heart dont get premium computer find heart take away make mistake,1
definitely use headphone get infection right,1
additional material like literature video optional,1
thing would change practice quire go thing already learn,1
plus version little price definitely worth,1
go learn much,1
first thank amaze really work small problem voice work miss major part fix please,1
ruby yet still show sapphire,1
issue wish would let user type japanese say lesson mobile small issue diminish rat give,1
would include breakdown lesson reach new verb show difference,1
great problem last update first good sound pronunciation go mean sound,1
pronunciation,1
really like regard deal plus bite disappoint u gun already u make u pay able learn office,1
think option allow user connect people perhaps chat option,1
would love see man,1
significant repetition lesson helpful derby intermediate want skin early level,1
one feature would great option review complete lesson refresh,1
thing buy skin thing end lot light without purpose,1
maybe gun could add skin thing,1
live talk spanish people would nice,1
sometimes little rigid spell new language overall enjoy,1
experience occasionally pitch cancer day streak,1
learn italian need learn calabrian italian regular italian,1
lesson also challenge fun would nice maybe list vocabulary maybe explanation grammar work somewhere,1
please add finnish cantonese northern iceland lesson english speaker,1
happen percentage bar let u know client spanish different language,1
wish would stay level time go instead know last time use,1
lot gem nothing buy,1
way communicate daily apply language learn,1
many complaint slam break streak,1
sometimes sentence long,1
something need fix grammar language,1
dont help speak learn read top notch,1
please dark mode option,1
wont teach speak could change please,1
fact use almost year something miss filipino language add wonderful language filipino ay sing message filipino,1
wish way flag specific thing practice trouble area,1
demonetization could good,1
please add persian,1
good language though r bag exercise think u add option tell bag cause stop learn progress,1
know hear speech long delay late,1
heart annoy understand encouragement,1
say word language know mean,1
every time try load page get boot straight result page tell achieve mark,1
chance manage get open limestone section get boot end result page tell without give opportunity complete section,1
want priceless program learn many language single mother budget stick one actually need area,1
straight charge year instead monthly rate every year,1
take understand lesson plan set extremely well,1
though picture hard tell boy girl something,1
really good learn language dedicate really want learn would suggest thing along,1
side note already knowledge language make little easy,1
also wonderful exercise accept response offer use correct grammar vocabulary response,1
recommend dedicate adult earner,1
would nice pay get best experience one best language learn ape,1
please fix click button top screen,1
good learn language ape pretty expensive,1
first bite frustrate three try pronunciation really help learn thing fast focus,1
issue see microphone disable practice pronunciation would still like able stay screen automatically jump next,1
find one flaw need total silence verbal exercise sire distance even low struggle differentiate,1
really appreciate although link subscribe allow cancel subscription,1
find weird fact start phrase directly write greek idea regard greek alphabet donna tricky,1
multiple fail attempt change voice recognition still x pronunciation difficulty still x speed correct,1
effective teach word instead user go exercise frequently,1
want repeat syllable voice pronounce syllable speak show word break,1
voice pronounce show issue teach alphabet pronunciation rule,1
speak part sometimes little buggy overall happy,1
picture japanese word english menu get since word ca translate english use learn style take try get use learn steady pace,1
however would suggest basic background german never study,1
maybe border picture small would help,1
learn japanese help grammar letter pronunciation,1
wish gun add tip oral practice especially exam,1
require good connection able steadily keep learn anywhere house baby help lot,1
wonder game webster add ape point,1
good add option type definition word english ever language speak general language also generally say try learn type noble wise great job,1
thing would good add explanation along image case understand say base picture,1
write let know language language want learn step dad want learn language please put learn,1
hate pay advance wish free,1
learn quite bite first lesson wish could get translation know exactly say,1
like far issue would great show u say instead image,1
would love daily reminder build,1
hard try add second first one go purchase second language please help anyone,1
sometimes crash difficult login,1
pay lot money get lesson,1
really good program wish would break word mean,1
really perfect unfortunately afford subscription recommend fully wen afford subscribe,1
love afford price keep learn,1
stop tell rate ape use,1
mostly fit people look learn basis language quickly maybe trip,2
language design well japanese,2
learn chinese enjoy incremental vocabulary systematic sentence,2
work fine without add remove,2
update make feel like kind game plow,2
easy pick work short burst,2
come long way fun use learn,2
french lesson build slowly helpful hint,2
get go hard figure gain live,2
good fun learn format,2
use couple day enjoy repeat lesson fun different way like add free version point put decide otherwise,2
picture tell many story,2
definitely fun though,2
league make bite competitive motivation need comment system allow learn well,2
really good fact free,2
helpful hear see time fast slow speed,2
use hiragana learn word make character stick well,2
cover read hear write speak translate,2
powerful learn tool sure interface intuition well think,2
good basic learn,2
bore lesson,2
new garlic course well write well think,2
great especially want practice vocabulary,2
lesson quick terrible one end lesson,2
great especially learn scratch one two little single find difficult get past,2
love incentive,2
sign free trial lot good,2
good learn different language,2
excellent way learn listen write speak new language,2
great variety language,2
definitely great learn tool play like game cap reward center brain keep come back,2
use free version pretty good consider free,2
great start learn tool lack proper time schedule take class,2
use much data space unless plus course,2
free version come add long come end lesson rather interrupt anything,2
choose wide variety language learn lesson entertain challenge enough keep commit,2
bless free,2
reach language fun free,2
point system keep motivate keep learn,2
learn japanese integrate anti fearlessly lesson,2
love give daily accountability little lot give day,2
pro positive language great job,2
even overwhelm horrible,2
option many language,2
help learn speak also properly pronounce word also important,2
categorize essential seem good,2
stitch voice clear time,2
thrill free learn language smooth interface,2
best use supplement big flush course,2
almost like play game learn language,2
pay version offer little term ease use compare premium help support community earner,2
great use aid traveler,2
like make speak read type answer,2
also create friendly competition advance,2
great learn various language,2
occasionally frustration find comment section usually explain quire stitch system,2
bite slow aggressive reminder exactly need busy time,2
far great clot option choose get first core lesson free purchase anything actually really helpful able hear word rather read fact get word wrong dont worry start whole lesson option go back finish fix mistake also put word struggle revision lesson,2
ask level language type thing want learn whether basis tourist language,2
judge pronunciation ask repeat thing well flash card visual hear spell,2
learn intuition traditional lesson,2
best part let practice sentence use match picture,2
use repetition help understand language,2
really good pronunciation get speak fast,2
helpful need learn quickly,2
add picture pronunciation probably make successful one top structure learn good,2
use picture build association new language word mean,2
lot review mark translation whole point would recommend try,2
speech recognition work well,2
new user like part easy interface beginner also use smoothly familiar new language want also let u learn new language easy method great convenience time,2
great native speaker,2
start basic engage exercise,2
easy use easy alternate computer lesson,2
able lesson use line handy,2
trial seem pretty helpful,2
good perfect pronunciation,2
break difficult word syllable sound help,2
helpful image great easy remember,2
intuition comprehensive,2
challenge fun,2
hard fun put two hour everyday learn language,2
intuition different learn style work pace,2
gaze mechanic keep come back fun compete couple month start understand maybe even basically speak another language,2
make fun learn ratification,2
wonderful use visual audit clue,2
great job keep engage interest really work,2
lesson tip useful,2
easy way learn language move league pit,2
learn break different category use repetition add old stuff new stuff remember word,2
also appreciate free along language lesson,2
repetition helpful retain new vocabulary hear sentence great learn pronunciation,2
minimal watch bother,2
unlock new material u go feel overwhelm word fast enough teach pace develop,2
really enjoy ratify experience bring learn new language,2
appreciate listen speak part strongly integrate lesson,2
impress hear speak even noisy situation,2
repetition really help remember,2
set reminder forget well lose spot compete amount,2
free minimal dont worry pay anything,2
learn language everything mean match word pick right speak word also type lesson,2
voice record wonderfully clear speed option,2
get high level pay option appreciate give space make choice along,2
awesome use small chink,2
read listen watch form communication encounter real world include speak,2
quick friendly,2
even minor progress note fun ratify way daily experience step forward,2
remind every day continue streak run well use,2
hind,2
pressure much day set learn pace,2
extremely reliable short infrequent highly reward,2
even bad since many get sea,2
also little bite competitiveness,2
nothing like try stay top learn time,2
learn pace choose gather speed choose teacher,2
make genuinely interest language try learn,2
repetition nature way learn english spanish vice good audit spanish learn correct pronunciation invaluable,2
make mistake sentence structure show correct,2
also like new story feature,2
minimal serve purpose fund,2
formal systematic highly organize language course interactive satisfy fun like eternal puzzle,2
great free,2
many different skill learn handy motivation message every often,2
self pace lesson great whenever convenient,2
q button clarification user helpful,2
recommend stag learn,2
free bothersome good,2
fun interactive identify weak point help strengthen get daughter help spanish honestly could recommend,2
yes intrusion skin easily tempt subscribe good,2
great make learn language fun easy,2
actually fun reward,2
consistent actually easy work,2
also offer massive range language include latin clinton,2
fun easy learn,2
really help school inappropriate parent really recommend school occasion,2
lesson short long like break small chink overwhelm,2
best part free little actual interruption heavy push premium service,2
completely fine consider experience provide,2
great free use get limit amount use per day upgrade unlimited small monthly fee well worth cost wo want put,2
make learn fun,2
company ensure education available free version,2
easy use,2
recommend age ability,2
make learn different language easy motivation,2
way lesson set really help retain information,2
like way show hiragana word,2
give great repetition word help memory,2
easy set get start,2
fun learn structure,2
unobtrusive,2
would recommend language earner age,2
practice lot repetition really help,2
make work vocabulary grammar listen read,2
fun,2
easy information fun free,2
add detail grammar ask tap water v sparkle water travel great addition,2
interactive,2
get speak translate english language choice learn vise,2
actually retain language bore maintain lesson drag,2
learn fast slow need,2
absolutely free annoy,2
also like listen specify practice spanish drive work,2
give lot way help learn language pace thing like streak keep interest learn,2
excellent straightforward learn break easy step short lesson little much like,2
love everything get content thorough like structure great fun support learn language,2
love ease use repetition seem bore,2
round excellent wish finnish,2
nice friendly interface encourage easy use every day,2
easy get minute day,2
earn reward motivate return continue daily streak,2
take lot repetition best way remember new word,2
increase pace want,2
really easy use feel like game rather lesson,2
fun way learn new language,2
make fun game like excellent learn tool,2
mean come even clinton,2
best one find love way league make want learn get,2
lesson quite fun feel like big choose,2
great well,2
actually interest,2
really easy navigable use,2
almost nonexistent,2
especially love tip,2
learn language never much learn answer question like game really effective,2
make learn language easy also easy convenient pick use take much space device encourage use every day,2
free good expect,2
recommend everyone even young child use,2
use easy exercise great improve language skill,2
give repeat learn good fix memory,2
super admit fun use,2
first program structure allow several repetition new material help memorize,2
second aspect concept league one view progress compare progress league,2
also give reminder forget,2
practice section really helpful review learn,2
intuition user friendly fun use,2
fall short compare unique fun game experience bring table,2
best free,2
story practice read good build vocabulary system make fun,2
progress report give enough incentive make sure log every day complete couple lesson,2
really effective efficient take time make sure grasp concept spell pronunciation accent whatever language decide learn,2
easy use every age range,2
easy play retain learn natural interactive format,2
fun easy use,2
great love free come listen along least french spanish language one thing would helpful provide creator would list read material appropriate level learn user,2
simple wander flexible,2
also fun interact platform,2
speak write interpret english spanish spanish english make learn fun quick give u goal set well like personal tutor tip finger,2
bank system give competitive feel keep interest go,2
like new update see egg,2
excellent liability,2
exercise score reward strategic motivation,2
actually manage use daily,2
super easy get actually quite fun learn,2
also addition story spanish lesson learn much quick,2
learn key phrase practice speak listen feature pretty deep learn,2
straightforward language learn seek completely ramify experience still manage keep interest motivate keep learn practice progress,2
plus feel oddly encourage little owl pip say nice thing,2
great use computer help learn language free matter beginner,2
fantastic way learn another language really hard time class program learn spanish actually enjoyable game like make easy learn also really repetition farther get feel like naturally know word legitimate free wrap exceed without upbraid,2
excellent interface,2
well pace lesson,2
steady pace suit,2
clever use learn word,2
graphic voice pleasant,2
enough feature motivate extra study,2
example error cost love earn extra practice,2
watch video optional ear gem spend game,2
delightful build language skill fun way,2
play benefit learn easy fun way,2
like even speak practice voice detection function see pronunciation correct,2
adjective game,2
great motivation learn new language well refresh language learn little,2
take page explain lesson,2
get lot fun way learn,2
overall still fun method learn spanish school random learn spanish,2
fully free support intrusion anything,2
firstly course many language quite obscure,2
lesson simple friendly even absolute beginner language offer,2
daily reminder subtle spirit competition evoke goal great job help learn,2
use far excellent repetition memory word well,2
start teach alphabet verb tense reach speak similarly would teach child,2
authentic pronunciation buy authentic speaker enhance ability learn,2
plus free fun way learn,2
great child adult alike,2
best part regularly update,2
love give experience hear translate write speak language study,2
way immerse language yet also direction support,2
let hear read speak language different format never get bore get friend start competition along already set,2
lesson hour long make much easy learn practice,2
relentless repetition word make remember write pronounce word phrase easy,2
interactive pace great,2
easy use good pace repetition learn,2
fashion like game,2
incredibly helpful beginner like,2
help learn grammar need move advance,2
repetition phrase exercise really helpful retain information rather learn new word phrase move,2
make start learn language easy method try,2
structurally course make learn basis language take minute daily routine,2
like reminder feature gain point work,2
help learn language describe fun,2
great design degree make start new language challenge,2
positive encouragement really rather adjective give boost learn,2
easy use make target time set go quickly always double amount,2
actually free invite friend get week free,2
love love fun easy use,2
year old could believe fun learn new language,2
find fun simple way learn,2
appreciate easy use interface work pace,2
free bother,2
like overwhelm,2
extremely fun adjective way learn new language,2
really like speak hear button,2
amaze day give learn italian year class learn spanish french combine leader board also encourage keep learn free,2
exactly say,2
never surprise trap time,2
update love new story tax soon cool keep,2
interactive long care learn think anything else come maintain track,2
plus learn read speak write language without feel overload,2
make learn language fun,2
repetition make easy learn new phrase remember,2
easy use great repetition aid memorization,2
lot fun,2
also like ability give feedback make comment ask question different exercise,2
absolutely love many language choose great challenge keep motivate,2
amaze fun way learn language,2
love reminder,2
fun effective learn like child,2
improve much since last time get oddly admit good thing really drill language learn head,2
many fun level really make learn fun,2
definitely great way learn new language kiss adult,2
read story kiss love,2
go pace ability,2
also like league table help drive competitive spirit,2
great practice story lot fun,2
entertain competitive order good experience learn new language,2
like teach tip story,2
great learn grammar,2
goal keep motivate compete learn,2
fun,2
though repetition get bite bore way master language basis like baby,2
add contain disruption,2
make learn language fun simple,2
require concentration much feel like study use,2
great study different language fun way,2
great way make learn fun,2
yes annoy,2
plus enjoyable use keep motivate keep go far problem,2
fact free easy use pose remarkable quality content simply unbelievable,2
plethoric language ability practice whenever want fingertip,2
amaze great beginner advance opinion,2
perfect new language wee bite experience,2
new update gun add story practice exercise favorite get even awesome excite fun interest provide great load cool learn stuff,2
feel like play game go day look world around realize much learn,2
excellent ratify learn spanish,2
want top leader board great incentive practice,2
lesson easy build know help review get wrong,2
interest challenge time,2
fun plenty repetition lose heart get stick,2
often find comment helpful,2
fun way go school,2
go pace competitive group,2
love story,2
learn entertain time,2
find fun look forward next lesson,2
reinforce thing cover already introduce new content,2
amaze want learn language begin lot review say pace slow someone level knowledge language extremely good pace,2
fun learn italian,2
love occasionally take back previously learn phrase keep engage,2
super fun use,2
really make learn new language fun,2
many language many exercise,2
actually stay commit learn language,2
game one best educational game use,2
like ape bear loud add,2
learn process fun easy,2
like fact like game,2
pressure learn pace,2
fantastic let learn much want free overwhelm,2
modification help keep track first lesson intuition beginner friendly,2
learn organ way reach everything strategy review awesome really plant head,2
allow learn pace take consideration life give u standardize time study,2
also allow question answer community great helpful feedback,2
easy use free version full functionality ad base,2
like put know really help people like think rate star,2
like able listen sentence understand,2
also nice able speak shine tell say correctly,2
find easy use never issue work correctly,2
accessible easy learn well enjoyable,2
quick lesson game like nature short time start see connection term daily life,2
like fact big story phone,2
really fun almost like give get learn something play,2
enjoy application learn time,2
also enjoy amaze feature free hop someday afford plus version,2
straight forward easy use,2
repetition practice various form help retention,2
great practice listen speak,2
use free version almost reinforce vocal memorization otherwise limit heart count,2
fun easy start lesson move good pace,2
like video game run heart practice get,2
much fun learn new language feel like study highly recommend want learn new language pace,2
absolutely amaze fun learn,2
best learn fast soft language push goal,2
learn language pace choose language take multiple language time,2
plus hurt free,2
irritate help maintain amaze,2
ton language teach engage way,2
free minor pay content,2
thing make sense unless provide,2
pay take lot space time learn improve language,2
even easy watch,2
really love since free learn spanish,2
fun,2
insanely helpful invasion push plus membership,2
easy use motivation encourage,2
really fun way learn language,2
repetition vocabulary grammar actually stick head,2
amaze learn language free also help free education,2
pretty fun actually,2
keep involve language learn without completely overbear,2
free version non annoy already learn way spanish,2
fun read lame book,2
competitive make want learn,2
adjective fun far tell accurate,2
closable moment,2
event great way meet earner,2
repetition seem easy gradually speak new stuff even realize learn,2
also love learn clinton high,2
bad,2
love fact run live practice get instead wait,2
make learn language fun easy,2
especially love speak option learn speak correctly,2
challenge perfect learn language quickly,2
good helpful beginner e experience,2
funny useful learn language friend alone,2
ratification aspect work really well,2
super fun intuition,2
super good practice language everyday keep motivate,2
first kind fun like much since story amaze,2
considerably improve since porter lesson tip recently story feature webster version,2
hardly add many great fun way learn speak many language,2
encourage see progress grateful,2
really good learn language variety language choose whatever language want learn probably,2
minimal content great,2
get even good addition short story interest make learn fun,2
glad start test people take spanish school much,2
instruction easy follow lesson example reminder keep track,2
love reminder keep,2
completely free,2
possible learn five minute day busy practice late relax,2
great learn curve tough start remind practice forget,2
unlike program one label grammar vocabulary make feel free learn,2
especially love story recently get unlock,2
support excellent question answer quickly real human,2
new story mode really great immerse real conversation practice spanish comprehension,2
interactive,2
one learn write read pronunciation,2
easily use free keep excite learn every single day,2
easy follow learn break section build previous lesson,2
completely free intrusion use try learn japanese hiragana,2
make learn basis language well also easy use,2
one good ape learn language repetition absolutely key able learn new motto graze,2
educational easily reach understand language proper pronunciation,2
lesson format great squeeze spare moment,2
engage cut even year old child want onto tablet,2
fun way achievement also competitive aspect,2
absolutely love story add fantastic way help listen comprehension,2
also really fun make want come back,2
recommend age group,2
learn feel like game,2
excellent love variety language quality content,2
easy build vocabulary mix speak write listen effective,2
excellent good range motivation twist keep practice ever tempt whine remember still free,2
love program much teach read say word emphasize pronunciation well,2
add picture word association absolutely top layer sprinkle one need learn effectively,2
excellent addition application allow study continue home,2
way program structure reach think new language instead translate,2
good enjoy already watch word picture help memory,2
rather rouse write exam actually help develop basic intuition conversation u really want,2
enjoy first lesson hear way thing sound see picture correspond action well feminine masculine version word sound work,2
like rat verbal pronunciation gauge need work,2
super easy use interactive love encourage practice speak language learn read recognize phrase,2
first lesson enough give feel language work show unique method make uncover answer instead tell memory,2
seem easy design pick throughout day help language acquisition actually work brain,2
like natural like child would learn,2
love practice lesson far,2
inaccessibility awesome,2
love teach fun time,2
clearly lot research use meticulously craft course,2
love mix challenge plural masculine feminine voice,2
roseola reinforce learn introduce additional vocabulary grammar help learn think new language without mentally translate,2
like best exercise seem conversational expect natural response,2
make think build learn experience way throw right experience language,2
tell word mean use picture challenge break sentence,2
first seem way challenge surprise ask describe picture first time say full sentence japanese,2
really install feel accomplishment,2
close thing classroom get,2
try free roseola stone test pronunciation much accurately introduce new word build exist phrase learn much realistic immersion way learn learn individual word isolation phrase,2
learn vocabulary intuition way roseola stone much good program,2
absolutely amaze entertain must want learn new language quickly enjoyable,2
test thing multiple time make sure say hear read,2
design teach way would learn child language,2
intermediate language require,2
like teach small part bring together,2
natural way learn,2
feel force,2
think great way learn word picture child like learn something look,2
great word learn pronounce,2
intuition freak understand almost without try,2
application make sure pronounce word correctly,2
interactive,2
easy navigable learn quick association,2
great way learn understand language use picture sound audit even record voice let nail pronunciation,2
invaluable someone learn language without teacher subtly reach language rule reach correct pronunciation difficult word,2
english translation instead picture spanish word,2
really like voice interaction,2
good speech recognition,2
like easily lean picture,2
useful lot repetition,2
love get prompt remind study,2
love roseola stone much get amaze graphic amaze learn course,2
facility listen repeat french extremely useful,2
get repetition help good free,2
easy navigable,2
really like use photo translation,2
think really good people want learn free good need buy anything use basis,2
also waste much time hello start include basic grammar early,2
great tool allow learn pace wherever may,2
fairly easy use lesson plan come set time frame typically short sweet,2
dont worry dont know phrase mean hold phrase picture press see translation easy,2
different category choose kind want learn,2
way division head instead translate first,2
attach sound image idea english word,2
test pronunciation,2
absolutely love speech communication breakdown technology visual association,2
lesson break help improve pronunciation build confidence speak perfect tone patience,2
system really effective allow mind associate word image english translation,2
prevent get catch try think want say english translate instead allow think language directly,2
even story read without premium version,2
one best learn german especially one without previous knowledge,2
love able learn pace phone,2
language teacher really approve concept full immersion,2
emphasis picture learn repetition make easy fun,2
like fact pick leave home,2
like image along vocabulary,2
way listen pronunciation helpful well,2
believe dynamic visual audit aid top accent assistance make thus great learn tool,2
great kiss,2
similar puzzle,2
make really easy learn language go step build last lesson make easy retain day lesson,2
complete section picture help pronunciation assistance easy follow,2
great interface easy learn immersion teach tell client spanish month,2
think understand word couple minute use sentence always know,2
total immersion awesome excellent way learn language keep good work,2
constantly progress lot opportunity review already learn,2
love love love allow learn easily auditory learn interactive visual well someone among disorder relieve,2
fun easy get lesson tell try could go next lesson oh goodness age use able,2
easy use smart phone convenient moment hour,2
definitely money well spend,2
love reach language way learn first language show translate,2
get understand without translate e word head,2
engage way learn grammar pronunciation,2
good clearly break pronunciation help greatly,2
love break thing help learn good language hate buy free,2
mean detail come teach pronunciation arabic,2
picture method amazingly helpful compare year write memorization,2
fact amaze language teacher gun,2
good variety keep learn fun plenty reinforcement good memory,2
seem like play game instead,2
great program repeat everything learn repetition,2
good amount repetition,2
good get start,2
definitely worth upgrade version,2
immersion best learn next best thing,2
excellent teach word audit visual representation,2
photo make lot easy enjoyable learn,2
unbelievably easy challenge joy time far,2
love fact record make sure pronounce word correctly,2
love speech recognition,2
help picture instead word learn great learn least language two week great,2
super fun practical way learn go even pop,2
free version,2
learn basis really fast good,2
translate learn,2
great kiss learn language great help,2
great pronunciation integrate learn,2
far good useful reach multiple medium edit month late gift joy life,2
awesome learn experience really enjoy learn roseola stone interactive teach much,2
wait finish core program able play game,2
love learn pace,2
obtainable,2
start lesson really enjoy pace learn,2
effective way learn pronunciation,2
wonderful incentive buy product,2
great practice pronunciation,2
easy use make learn fun,2
interactive easy use,2
user friendly educational,2
like fact different lesson grammar listen read lot repetition,2
feel like game learn,2
great intuition easy follow,2
far good love pronunciation practice,2
never know learn language would fun challenge yet worth,2
great practice go,2
really intuition use,2
get chance lesson perfect score go pace,2
actually speak get mark spell,2
start learn grammar vocabulary lesson,2
visit roseola stone enjoy able lesson,2
make learn language fun,2
great visual way learn,2
good lesson interaction,2
way learn baby learn first language,2
satisfaction language retention guarantee,2
